trip_id,customer_id,vehicle_id,driver_id,origin,destination,dispatch_date,expected_delivery_date,actual_delivery_date,trip_status,is_on_time,is_delayed,delay_days
TRP00001,CUS014,VEH014,DRV002,Ahmedabad,Indore,2025-02-27,2025-02-28,,Cancelled,0,0,
TRP00002,CUS049,VEH012,DRV010,Ahmedabad,Surat,2025-09-20,2025-09-21,2025-09-21,Delivered,1,0,0
TRP00003,CUS044,VEH011,DRV022,Indore,Surat,2025-03-06,2025-03-07,,Cancelled,0,0,
TRP00004,CUS030,VEH014,DRV005,Pune,Nashik,2026-01-07,2026-01-08,2026-01-08,Delivered,1,0,0
TRP00005,CUS006,VEH014,DRV009,Indore,Hyderabad,2026-01-31,2026-02-02,,Cancelled,0,0,
TRP00006,CUS013,VEH001,DRV008,Nashik,Mumbai,2025-06-04,2025-06-05,2025-06-04,Delivered,1,0,-1
TRP00007,CUS039,VEH012,DRV006,Bengaluru,Mumbai,2025-03-05,2025-03-07,2025-03-07,Delivered,1,0,0
TRP00008,CUS045,VEH003,DRV019,Pune,Hyderabad,2026-08-01,2026-08-02,,In Transit,0,0,
TRP00009,CUS035,VEH002,DRV012,Jaipur,Ahmedabad,2025-02-19,2025-02-21,2025-02-25,Delayed,0,1,4
TRP00010,CUS010,VEH015,DRV023,Ahmedabad,Jaipur,2026-06-17,2026-06-19,2026-06-25,Delayed,0,1,6
TRP00011,CUS006,VEH008,DRV027,Indore,Pune,2026-03-02,2026-03-04,2026-03-04,Delivered,1,0,0
TRP00012,CUS017,VEH007,DRV012,Nagpur,Hyderabad,2026-07-31,2026-08-02,,In Transit,0,0,
TRP00013,CUS036,VEH014,DRV016,Hyderabad,Pune,2025-02-24,2025-02-26,2025-02-25,Delivered,1,0,-1
TRP00014,CUS031,VEH019,DRV012,Hyderabad,Aurangabad,2026-01-11,2026-01-12,2026-01-16,Delayed,0,1,4
TRP00015,CUS013,VEH004,DRV024,Nashik,Surat,2025-08-15,2025-08-16,2025-08-22,Delayed,0,1,6
TRP00016,CUS019,VEH017,DRV020,Aurangabad,Mumbai,2025-12-13,2025-12-14,2025-12-13,Delivered,1,0,-1
TRP00017,CUS045,VEH018,DRV010,Hyderabad,Mumbai,2025-02-19,2025-02-21,2025-02-21,Delivered,1,0,0
TRP00018,CUS031,VEH002,DRV009,Bengaluru,Mumbai,2025-04-02,2025-04-05,2025-04-05,Delivered,1,0,0
TRP00019,CUS027,VEH018,DRV025,Bengaluru,Pune,2026-07-27,2026-07-29,,In Transit,0,0,
TRP00020,CUS040,VEH020,DRV002,Aurangabad,Mumbai,2025-05-01,2025-05-02,2025-05-01,Delivered,1,0,-1
TRP00021,CUS045,VEH014,DRV015,Indore,Hyderabad,2026-05-17,2026-05-19,2026-05-21,Delayed,0,1,2
TRP00022,CUS013,VEH019,DRV022,Ahmedabad,Jaipur,2025-11-06,2025-11-08,2025-11-07,Delivered,1,0,-1
TRP00023,CUS037,VEH020,DRV024,Nashik,Aurangabad,2026-03-26,2026-03-27,2026-03-27,Delivered,1,0,0
TRP00024,CUS021,VEH014,DRV024,Pune,Nagpur,2025-02-28,2025-03-02,2025-03-08,Delayed,0,1,6
TRP00025,CUS034,VEH006,DRV016,Delhi,Ahmedabad,2026-06-25,2026-06-27,2026-06-27,Delivered,1,0,0
TRP00026,CUS011,VEH004,DRV028,Nagpur,Hyderabad,2026-03-24,2026-03-25,2026-03-30,Delayed,0,1,5
TRP00027,CUS008,VEH009,DRV011,Indore,Surat,2026-05-26,2026-05-27,2026-05-26,Delivered,1,0,-1
TRP00028,CUS029,VEH016,DRV021,Mumbai,Ahmedabad,2026-05-01,2026-05-02,,Cancelled,0,0,
TRP00029,CUS011,VEH008,DRV023,Indore,Nashik,2025-06-03,2025-06-04,2025-06-03,Delivered,1,0,-1
TRP00030,CUS046,VEH010,DRV017,Pune,Indore,2026-05-20,2026-05-22,2026-05-22,Delivered,1,0,0
TRP00031,CUS005,VEH005,DRV028,Indore,Pune,2026-07-11,2026-07-13,2026-07-12,Delivered,1,0,-1
TRP00032,CUS043,VEH019,DRV019,Hyderabad,Bengaluru,2026-01-13,2026-01-15,2026-01-15,Delivered,1,0,0
TRP00033,CUS016,VEH007,DRV023,Aurangabad,Indore,2025-12-29,2025-12-30,2025-12-30,Delivered,1,0,0
TRP00034,CUS003,VEH005,DRV016,Hyderabad,Mumbai,2026-07-30,2026-08-01,,In Transit,0,0,
TRP00035,CUS042,VEH005,DRV014,Mumbai,Delhi,2026-03-21,2026-03-25,2026-03-25,Delivered,1,0,0
TRP00036,CUS041,VEH013,DRV011,Hyderabad,Bengaluru,2025-11-28,2025-11-29,2025-11-28,Delivered,1,0,-1
TRP00037,CUS011,VEH004,DRV015,Indore,Nashik,2026-07-27,2026-07-28,,In Transit,0,0,
TRP00038,CUS044,VEH014,DRV019,Pune,Nashik,2026-08-01,2026-08-02,,In Transit,0,0,
TRP00039,CUS041,VEH008,DRV015,Pune,Nagpur,2026-07-30,2026-08-01,,In Transit,0,0,
TRP00040,CUS038,VEH015,DRV012,Indore,Nashik,2025-12-13,2025-12-14,2025-12-14,Delivered,1,0,0
TRP00041,CUS023,VEH013,DRV019,Aurangabad,Indore,2026-03-19,2026-03-20,2026-03-19,Delivered,1,0,-1
TRP00042,CUS015,VEH010,DRV025,Nagpur,Indore,2025-06-27,2025-06-28,2025-06-27,Delivered,1,0,-1
TRP00043,CUS047,VEH019,DRV012,Mumbai,Hyderabad,2025-08-05,2025-08-07,2025-08-12,Delayed,0,1,5
TRP00044,CUS018,VEH017,DRV030,Mumbai,Jaipur,2025-12-06,2025-12-09,2025-12-09,Delivered,1,0,0
TRP00045,CUS049,VEH003,DRV005,Bengaluru,Pune,2026-02-16,2026-02-19,,Cancelled,0,0,
TRP00046,CUS048,VEH012,DRV022,Nagpur,Pune,2025-05-28,2025-05-30,,Cancelled,0,0,
TRP00047,CUS040,VEH011,DRV030,Bengaluru,Pune,2025-12-13,2025-12-15,2025-12-14,Delivered,1,0,-1
TRP00048,CUS008,VEH010,DRV016,Mumbai,Aurangabad,2026-02-21,2026-02-22,2026-02-22,Delivered,1,0,0
TRP00049,CUS007,VEH014,DRV021,Hyderabad,Bengaluru,2026-02-21,2026-02-23,2026-02-23,Delivered,1,0,0
TRP00050,CUS024,VEH004,DRV022,Jaipur,Delhi,2025-11-16,2025-11-17,2025-11-16,Delivered,1,0,-1
TRP00051,CUS014,VEH003,DRV022,Mumbai,Nashik,2025-09-05,2025-09-06,,Cancelled,0,0,
TRP00052,CUS050,VEH008,DRV011,Delhi,Mumbai,2025-07-05,2025-07-08,2025-07-08,Delivered,1,0,0
TRP00053,CUS001,VEH001,DRV005,Indore,Nagpur,2025-08-04,2025-08-05,2025-08-04,Delivered,1,0,-1
TRP00054,CUS029,VEH003,DRV016,Aurangabad,Nagpur,2025-03-23,2025-03-24,2025-03-24,Delivered,1,0,0
TRP00055,CUS026,VEH002,DRV016,Jaipur,Ahmedabad,2026-07-24,2026-07-26,,In Transit,0,0,
TRP00056,CUS040,VEH005,DRV009,Ahmedabad,Nashik,2025-12-05,2025-12-06,,Cancelled,0,0,
TRP00057,CUS014,VEH018,DRV024,Ahmedabad,Jaipur,2026-05-17,2026-05-19,2026-05-18,Delivered,1,0,-1
TRP00058,CUS010,VEH009,DRV012,Indore,Hyderabad,2025-05-16,2025-05-18,2025-05-18,Delivered,1,0,0
TRP00059,CUS036,VEH019,DRV018,Hyderabad,Nagpur,2026-07-29,2026-07-30,,In Transit,0,0,
TRP00060,CUS023,VEH020,DRV010,Aurangabad,Mumbai,2025-09-24,2025-09-25,2025-09-28,Delayed,0,1,3
TRP00061,CUS015,VEH009,DRV019,Jaipur,Ahmedabad,2026-08-01,2026-08-03,,In Transit,0,0,
TRP00062,CUS012,VEH009,DRV001,Indore,Pune,2025-02-13,2025-02-15,2025-02-14,Delivered,1,0,-1
TRP00063,CUS041,VEH005,DRV024,Mumbai,Nashik,2026-05-17,2026-05-18,2026-05-18,Delivered,1,0,0
TRP00064,CUS006,VEH019,DRV020,Mumbai,Ahmedabad,2025-05-01,2025-05-03,2025-05-03,Delivered,1,0,0
TRP00065,CUS049,VEH009,DRV007,Bengaluru,Chennai,2026-06-20,2026-06-21,2026-06-21,Delivered,1,0,0
TRP00066,CUS001,VEH020,DRV002,Pune,Surat,2025-10-26,2025-10-27,2025-10-26,Delivered,1,0,-1
TRP00067,CUS025,VEH006,DRV005,Jaipur,Delhi,2026-07-28,2026-07-29,,In Transit,0,0,
TRP00068,CUS005,VEH001,DRV015,Surat,Nashik,2026-04-10,2026-04-11,2026-04-15,Delayed,0,1,4
TRP00069,CUS045,VEH020,DRV015,Nagpur,Aurangabad,2026-03-24,2026-03-25,2026-03-25,Delivered,1,0,0
TRP00070,CUS050,VEH008,DRV011,Mumbai,Jaipur,2025-08-24,2025-08-27,2025-08-27,Delivered,1,0,0
TRP00071,CUS007,VEH005,DRV008,Mumbai,Delhi,2025-04-25,2025-04-29,2025-04-29,Delivered,1,0,0
TRP00072,CUS044,VEH019,DRV015,Indore,Aurangabad,2025-12-27,2025-12-28,2025-12-27,Delivered,1,0,-1
TRP00073,CUS004,VEH009,DRV019,Indore,Nagpur,2025-04-06,2025-04-07,2025-04-07,Delivered,1,0,0
TRP00074,CUS039,VEH003,DRV020,Bengaluru,Chennai,2025-03-21,2025-03-22,,Cancelled,0,0,
TRP00075,CUS010,VEH016,DRV017,Mumbai,Ahmedabad,2026-07-24,2026-07-25,,In Transit,0,0,
TRP00076,CUS034,VEH015,DRV015,Chennai,Hyderabad,2026-03-10,2026-03-12,,Cancelled,0,0,
TRP00077,CUS022,VEH011,DRV003,Aurangabad,Mumbai,2025-07-10,2025-07-11,2025-07-10,Delivered,1,0,-1
TRP00078,CUS039,VEH013,DRV005,Mumbai,Nagpur,2026-07-25,2026-07-27,,In Transit,0,0,
TRP00079,CUS042,VEH017,DRV003,Jaipur,Ahmedabad,2025-09-14,2025-09-16,2025-09-16,Delivered,1,0,0
TRP00080,CUS019,VEH005,DRV003,Aurangabad,Mumbai,2025-03-17,2025-03-18,2025-03-23,Delayed,0,1,5
TRP00081,CUS045,VEH006,DRV006,Jaipur,Mumbai,2025-10-08,2025-10-11,2025-10-11,Delivered,1,0,0
TRP00082,CUS016,VEH008,DRV018,Indore,Nashik,2026-07-26,2026-07-27,,In Transit,0,0,
TRP00083,CUS019,VEH015,DRV025,Ahmedabad,Surat,2025-08-30,2025-08-31,2025-08-30,Delivered,1,0,-1
TRP00084,CUS024,VEH016,DRV028,Hyderabad,Aurangabad,2025-06-14,2025-06-15,2025-06-14,Delivered,1,0,-1
TRP00085,CUS028,VEH005,DRV027,Nagpur,Mumbai,2026-01-30,2026-02-01,2026-02-01,Delivered,1,0,0
TRP00086,CUS006,VEH008,DRV013,Nagpur,Aurangabad,2026-01-16,2026-01-17,2026-01-16,Delivered,1,0,-1
TRP00087,CUS009,VEH016,DRV023,Indore,Hyderabad,2025-10-27,2025-10-29,2025-10-28,Delivered,1,0,-1
TRP00088,CUS008,VEH017,DRV014,Nashik,Aurangabad,2026-05-21,2026-05-22,2026-05-22,Delivered,1,0,0
TRP00089,CUS016,VEH017,DRV019,Mumbai,Delhi,2026-04-09,2026-04-13,2026-04-12,Delivered,1,0,-1
TRP00090,CUS033,VEH017,DRV018,Chennai,Bengaluru,2026-03-10,2026-03-11,2026-03-11,Delivered,1,0,0
TRP00091,CUS016,VEH003,DRV012,Aurangabad,Mumbai,2025-03-24,2025-03-25,2025-03-25,Delivered,1,0,0
TRP00092,CUS031,VEH015,DRV023,Nashik,Pune,2026-05-21,2026-05-22,2026-05-24,Delayed,0,1,2
TRP00093,CUS020,VEH002,DRV011,Bengaluru,Chennai,2025-03-16,2025-03-17,2025-03-16,Delivered,1,0,-1
TRP00094,CUS042,VEH002,DRV028,Nagpur,Hyderabad,2026-03-23,2026-03-24,2026-03-24,Delivered,1,0,0
TRP00095,CUS034,VEH016,DRV012,Indore,Pune,2025-08-10,2025-08-12,2025-08-12,Delivered,1,0,0
TRP00096,CUS029,VEH010,DRV010,Ahmedabad,Jaipur,2026-02-03,2026-02-05,2026-02-05,Delivered,1,0,0
TRP00097,CUS043,VEH002,DRV003,Surat,Indore,2025-03-10,2025-03-11,2025-03-16,Delayed,0,1,5
TRP00098,CUS016,VEH005,DRV003,Nagpur,Aurangabad,2025-07-14,2025-07-15,2025-07-15,Delivered,1,0,0
TRP00099,CUS034,VEH019,DRV005,Nagpur,Aurangabad,2025-06-03,2025-06-05,2025-06-04,Delivered,1,0,-1
TRP00100,CUS017,VEH018,DRV004,Nagpur,Pune,2026-06-24,2026-06-26,2026-06-25,Delivered,1,0,-1
TRP00101,CUS044,VEH015,DRV003,Surat,Nashik,2025-12-01,2025-12-02,2025-12-01,Delivered,1,0,-1
TRP00102,CUS024,VEH006,DRV026,Bengaluru,Chennai,2026-07-26,2026-07-27,,In Transit,0,0,
TRP00103,CUS036,VEH012,DRV015,Hyderabad,Mumbai,2026-06-12,2026-06-14,2026-06-14,Delivered,1,0,0
TRP00104,CUS005,VEH011,DRV021,Ahmedabad,Delhi,2025-08-12,2025-08-14,2025-08-13,Delivered,1,0,-1
TRP00105,CUS008,VEH002,DRV027,Hyderabad,Chennai,2025-09-25,2025-09-27,2025-09-27,Delivered,1,0,0
TRP00106,CUS009,VEH018,DRV009,Indore,Nashik,2025-07-14,2025-07-15,2025-07-20,Delayed,0,1,5
TRP00107,CUS002,VEH019,DRV002,Mumbai,Nagpur,2025-09-10,2025-09-12,2025-09-12,Delivered,1,0,0
TRP00108,CUS042,VEH018,DRV010,Nashik,Indore,2025-12-08,2025-12-09,2025-12-15,Delayed,0,1,6
TRP00109,CUS014,VEH016,DRV015,Hyderabad,Nagpur,2026-01-26,2026-01-27,2026-01-29,Delayed,0,1,2
TRP00110,CUS016,VEH004,DRV011,Indore,Bengaluru,2025-03-30,2025-04-02,2025-04-02,Delivered,1,0,0
TRP00111,CUS021,VEH006,DRV027,Indore,Aurangabad,2026-07-19,2026-07-20,2026-07-20,Delivered,1,0,0
TRP00112,CUS030,VEH013,DRV017,Pune,Hyderabad,2026-06-28,2026-06-29,2026-06-29,Delivered,1,0,0
TRP00113,CUS009,VEH004,DRV014,Nagpur,Pune,2026-03-24,2026-03-26,2026-03-25,Delivered,1,0,-1
TRP00114,CUS029,VEH013,DRV017,Aurangabad,Hyderabad,2025-06-08,2025-06-10,2025-06-11,Delayed,0,1,1
TRP00115,CUS024,VEH011,DRV018,Mumbai,Delhi,2025-03-25,2025-03-29,2025-03-29,Delivered,1,0,0
TRP00116,CUS033,VEH005,DRV020,Mumbai,Hyderabad,2025-12-10,2025-12-12,2025-12-12,Delivered,1,0,0
TRP00117,CUS022,VEH001,DRV012,Bengaluru,Mumbai,2026-07-23,2026-07-26,,In Transit,0,0,
TRP00118,CUS015,VEH019,DRV019,Ahmedabad,Mumbai,2026-03-03,2026-03-05,2026-03-11,Delayed,0,1,6
TRP00119,CUS002,VEH004,DRV007,Ahmedabad,Delhi,2026-04-03,2026-04-06,2026-04-11,Delayed,0,1,5
TRP00120,CUS009,VEH002,DRV023,Hyderabad,Chennai,2026-02-27,2026-03-01,2026-03-03,Delayed,0,1,2
TRP00121,CUS044,VEH018,DRV012,Nagpur,Pune,2025-12-09,2025-12-11,2025-12-11,Delivered,1,0,0
TRP00122,CUS031,VEH016,DRV011,Indore,Nagpur,2025-11-28,2025-11-29,2025-12-05,Delayed,0,1,6
TRP00123,CUS023,VEH013,DRV027,Mumbai,Delhi,2026-01-27,2026-01-30,2026-02-05,Delayed,0,1,6
TRP00124,CUS035,VEH007,DRV027,Indore,Pune,2025-10-10,2025-10-12,2025-10-11,Delivered,1,0,-1
TRP00125,CUS046,VEH014,DRV011,Indore,Hyderabad,2025-07-18,2025-07-20,2025-07-20,Delivered,1,0,0
TRP00126,CUS019,VEH010,DRV011,Ahmedabad,Mumbai,2025-03-17,2025-03-18,2025-03-17,Delivered,1,0,-1
TRP00127,CUS026,VEH002,DRV027,Bengaluru,Hyderabad,2026-07-27,2026-07-28,,In Transit,0,0,
TRP00128,CUS022,VEH004,DRV030,Nashik,Aurangabad,2025-06-24,2025-06-25,2025-06-25,Delivered,1,0,0
TRP00129,CUS047,VEH011,DRV006,Bengaluru,Indore,2026-01-18,2026-01-21,2026-01-20,Delivered,1,0,-1
TRP00130,CUS028,VEH013,DRV027,Bengaluru,Chennai,2025-06-30,2025-07-01,2025-06-30,Delivered,1,0,-1
TRP00131,CUS018,VEH015,DRV025,Nagpur,Hyderabad,2026-02-10,2026-02-11,2026-02-10,Delivered,1,0,-1
TRP00132,CUS044,VEH006,DRV013,Chennai,Bengaluru,2025-06-07,2025-06-08,2025-06-11,Delayed,0,1,3
TRP00133,CUS010,VEH005,DRV016,Bengaluru,Indore,2026-06-04,2026-06-07,2026-06-06,Delivered,1,0,-1
TRP00134,CUS006,VEH020,DRV028,Hyderabad,Chennai,2025-06-01,2025-06-03,2025-06-02,Delivered,1,0,-1
TRP00135,CUS034,VEH011,DRV028,Ahmedabad,Delhi,2025-05-11,2025-05-13,2025-05-13,Delivered,1,0,0
TRP00136,CUS030,VEH017,DRV014,Aurangabad,Indore,2026-07-23,2026-07-24,,In Transit,0,0,
TRP00137,CUS003,VEH019,DRV003,Ahmedabad,Jaipur,2025-04-18,2025-04-20,,Cancelled,0,0,
TRP00138,CUS042,VEH005,DRV025,Ahmedabad,Indore,2026-02-28,2026-03-01,2026-02-28,Delivered,1,0,-1
TRP00139,CUS026,VEH006,DRV018,Hyderabad,Chennai,2026-07-23,2026-07-25,,In Transit,0,0,
TRP00140,CUS025,VEH014,DRV018,Pune,Bengaluru,2025-06-02,2025-06-05,2025-06-05,Delivered,1,0,0
TRP00141,CUS014,VEH001,DRV008,Mumbai,Indore,2025-03-28,2025-03-30,2025-03-29,Delivered,1,0,-1
TRP00142,CUS050,VEH007,DRV025,Mumbai,Ahmedabad,2025-12-30,2025-12-31,2025-12-31,Delivered,1,0,0
TRP00143,CUS027,VEH017,DRV008,Nashik,Indore,2025-08-05,2025-08-06,2025-08-06,Delivered,1,0,0
TRP00144,CUS043,VEH012,DRV021,Ahmedabad,Surat,2025-07-09,2025-07-10,2025-07-09,Delivered,1,0,-1
TRP00145,CUS046,VEH008,DRV010,Delhi,Mumbai,2026-04-09,2026-04-13,2026-04-12,Delivered,1,0,-1
TRP00146,CUS006,VEH011,DRV021,Delhi,Ahmedabad,2025-08-21,2025-08-24,2025-08-28,Delayed,0,1,4
TRP00147,CUS049,VEH003,DRV007,Ahmedabad,Nashik,2026-01-13,2026-01-14,2026-01-13,Delivered,1,0,-1
TRP00148,CUS049,VEH004,DRV024,Hyderabad,Indore,2026-03-20,2026-03-22,2026-03-27,Delayed,0,1,5
TRP00149,CUS042,VEH015,DRV018,Nagpur,Indore,2026-07-30,2026-07-31,,In Transit,0,0,
TRP00150,CUS014,VEH011,DRV030,Nagpur,Aurangabad,2026-07-25,2026-07-27,,In Transit,0,0,
TRP00151,CUS010,VEH014,DRV010,Pune,Aurangabad,2026-07-30,2026-07-31,,In Transit,0,0,
TRP00152,CUS042,VEH016,DRV024,Bengaluru,Hyderabad,2025-06-30,2025-07-01,2025-07-01,Delivered,1,0,0
TRP00153,CUS003,VEH002,DRV017,Indore,Mumbai,2026-04-05,2026-04-07,2026-04-13,Delayed,0,1,6
TRP00154,CUS033,VEH001,DRV007,Indore,Bengaluru,2026-06-16,2026-06-19,2026-06-20,Delayed,0,1,1
TRP00155,CUS034,VEH001,DRV001,Indore,Pune,2026-04-23,2026-04-24,2026-04-23,Delivered,1,0,-1
TRP00156,CUS013,VEH005,DRV008,Hyderabad,Chennai,2026-07-24,2026-07-26,,In Transit,0,0,
TRP00157,CUS044,VEH008,DRV010,Nagpur,Mumbai,2025-05-13,2025-05-15,2025-05-19,Delayed,0,1,4
TRP00158,CUS011,VEH001,DRV023,Mumbai,Nagpur,2026-08-01,2026-08-03,,In Transit,0,0,
TRP00159,CUS014,VEH002,DRV008,Aurangabad,Indore,2025-11-21,2025-11-22,2025-11-21,Delivered,1,0,-1
TRP00160,CUS038,VEH001,DRV007,Delhi,Mumbai,2025-04-26,2025-04-30,2025-04-29,Delivered,1,0,-1
TRP00161,CUS025,VEH018,DRV011,Hyderabad,Mumbai,2026-01-27,2026-01-29,2026-01-29,Delivered,1,0,0
TRP00162,CUS040,VEH020,DRV025,Indore,Surat,2026-05-14,2026-05-15,2026-05-18,Delayed,0,1,3
TRP00163,CUS038,VEH006,DRV022,Surat,Ahmedabad,2026-07-24,2026-07-25,,In Transit,0,0,
TRP00164,CUS025,VEH005,DRV024,Nashik,Surat,2026-05-08,2026-05-09,,Cancelled,0,0,
TRP00165,CUS036,VEH015,DRV018,Bengaluru,Chennai,2025-05-13,2025-05-14,2025-05-14,Delivered,1,0,0
TRP00166,CUS050,VEH014,DRV013,Nagpur,Mumbai,2025-10-13,2025-10-15,,Cancelled,0,0,
TRP00167,CUS032,VEH010,DRV009,Mumbai,Delhi,2026-06-17,2026-06-21,2026-06-21,Delivered,1,0,0
TRP00168,CUS040,VEH016,DRV020,Pune,Aurangabad,2026-03-19,2026-03-20,2026-03-20,Delivered,1,0,0
TRP00169,CUS042,VEH011,DRV014,Mumbai,Hyderabad,2026-06-12,2026-06-14,2026-06-18,Delayed,0,1,4
TRP00170,CUS016,VEH016,DRV019,Nashik,Surat,2025-06-03,2025-06-04,2025-06-03,Delivered,1,0,-1
TRP00171,CUS047,VEH018,DRV001,Bengaluru,Indore,2026-07-24,2026-07-27,,In Transit,0,0,
TRP00172,CUS041,VEH016,DRV005,Nashik,Indore,2026-02-28,2026-03-01,2026-03-06,Delayed,0,1,5
TRP00173,CUS045,VEH017,DRV030,Indore,Ahmedabad,2025-05-05,2025-05-06,2025-05-05,Delivered,1,0,-1
TRP00174,CUS037,VEH020,DRV002,Indore,Surat,2026-07-24,2026-07-25,,In Transit,0,0,
TRP00175,CUS038,VEH017,DRV018,Aurangabad,Indore,2026-07-04,2026-07-05,2026-07-04,Delivered,1,0,-1
TRP00176,CUS047,VEH003,DRV004,Mumbai,Delhi,2026-07-31,2026-08-04,,In Transit,0,0,
TRP00177,CUS005,VEH015,DRV011,Nashik,Indore,2026-01-24,2026-01-25,2026-01-24,Delivered,1,0,-1
TRP00178,CUS036,VEH017,DRV006,Mumbai,Jaipur,2026-03-28,2026-03-31,2026-03-30,Delivered,1,0,-1
TRP00179,CUS040,VEH001,DRV024,Pune,Aurangabad,2025-09-14,2025-09-15,2025-09-14,Delivered,1,0,-1
TRP00180,CUS024,VEH018,DRV006,Nashik,Surat,2026-06-23,2026-06-24,2026-06-30,Delayed,0,1,6
TRP00181,CUS008,VEH013,DRV019,Nagpur,Indore,2025-12-08,2025-12-09,2025-12-08,Delivered,1,0,-1
TRP00182,CUS008,VEH008,DRV010,Pune,Nashik,2025-06-28,2025-06-29,2025-06-29,Delivered,1,0,0
TRP00183,CUS011,VEH006,DRV018,Bengaluru,Hyderabad,2026-08-01,2026-08-03,,In Transit,0,0,
TRP00184,CUS025,VEH005,DRV007,Hyderabad,Aurangabad,2026-04-08,2026-04-09,2026-04-13,Delayed,0,1,4
TRP00185,CUS049,VEH001,DRV026,Pune,Bengaluru,2025-07-29,2025-07-31,2025-07-31,Delivered,1,0,0
TRP00186,CUS050,VEH004,DRV009,Jaipur,Delhi,2026-07-23,2026-07-24,,In Transit,0,0,
TRP00187,CUS048,VEH014,DRV004,Pune,Hyderabad,2026-01-29,2026-01-30,2026-01-29,Delivered,1,0,-1
TRP00188,CUS048,VEH008,DRV007,Ahmedabad,Nashik,2026-04-21,2026-04-22,2026-04-21,Delivered,1,0,-1
TRP00189,CUS023,VEH002,DRV019,Delhi,Jaipur,2025-12-03,2025-12-04,2025-12-04,Delivered,1,0,0
TRP00190,CUS049,VEH004,DRV005,Indore,Ahmedabad,2026-07-25,2026-07-26,,In Transit,0,0,
TRP00191,CUS016,VEH011,DRV027,Surat,Indore,2026-04-07,2026-04-08,2026-04-07,Delivered,1,0,-1
TRP00192,CUS033,VEH003,DRV013,Indore,Pune,2026-06-21,2026-06-23,2026-06-22,Delivered,1,0,-1
TRP00193,CUS030,VEH003,DRV024,Indore,Nagpur,2026-04-22,2026-04-23,2026-04-23,Delivered,1,0,0
TRP00194,CUS037,VEH011,DRV018,Hyderabad,Mumbai,2025-03-28,2025-03-30,2025-03-30,Delivered,1,0,0
TRP00195,CUS030,VEH006,DRV015,Pune,Mumbai,2025-06-22,2025-06-23,,Cancelled,0,0,
TRP00196,CUS024,VEH003,DRV021,Pune,Nagpur,2025-04-01,2025-04-03,2025-04-06,Delayed,0,1,3
TRP00197,CUS006,VEH014,DRV021,Mumbai,Aurangabad,2025-09-26,2025-09-27,2025-09-27,Delivered,1,0,0
TRP00198,CUS028,VEH004,DRV028,Mumbai,Hyderabad,2025-05-22,2025-05-24,2025-05-24,Delivered,1,0,0
TRP00199,CUS044,VEH005,DRV021,Mumbai,Delhi,2025-07-25,2025-07-29,2025-07-28,Delivered,1,0,-1
TRP00200,CUS044,VEH014,DRV020,Delhi,Ahmedabad,2025-06-13,2025-06-15,2025-06-15,Delivered,1,0,0
TRP00201,CUS018,VEH005,DRV008,Mumbai,Nagpur,2025-11-25,2025-11-27,2025-12-03,Delayed,0,1,6
TRP00202,CUS034,VEH010,DRV007,Bengaluru,Chennai,2025-10-10,2025-10-11,2025-10-12,Delayed,0,1,1
TRP00203,CUS001,VEH003,DRV017,Aurangabad,Nagpur,2026-08-01,2026-08-02,,In Transit,0,0,
TRP00204,CUS005,VEH016,DRV025,Nashik,Mumbai,2025-04-09,2025-04-10,2025-04-10,Delivered,1,0,0
TRP00205,CUS027,VEH017,DRV025,Jaipur,Ahmedabad,2025-07-13,2025-07-15,2025-07-15,Delivered,1,0,0
TRP00206,CUS021,VEH005,DRV018,Indore,Surat,2025-04-15,2025-04-16,2025-04-20,Delayed,0,1,4
TRP00207,CUS006,VEH002,DRV008,Ahmedabad,Jaipur,2025-08-05,2025-08-07,2025-08-06,Delivered,1,0,-1
TRP00208,CUS034,VEH012,DRV017,Pune,Nagpur,2026-07-27,2026-07-29,,In Transit,0,0,
TRP00209,CUS028,VEH011,DRV026,Indore,Pune,2025-04-26,2025-04-28,,Cancelled,0,0,
TRP00210,CUS011,VEH006,DRV012,Nagpur,Pune,2025-06-05,2025-06-07,2025-06-12,Delayed,0,1,5
TRP00211,CUS003,VEH001,DRV008,Indore,Hyderabad,2025-03-15,2025-03-17,2025-03-17,Delivered,1,0,0
TRP00212,CUS005,VEH011,DRV009,Aurangabad,Indore,2026-07-25,2026-07-26,,In Transit,0,0,
TRP00213,CUS030,VEH013,DRV003,Aurangabad,Nashik,2026-05-20,2026-05-21,2026-05-20,Delivered,1,0,-1
TRP00214,CUS030,VEH020,DRV008,Aurangabad,Nagpur,2025-08-26,2025-08-27,2025-09-01,Delayed,0,1,5
TRP00215,CUS027,VEH001,DRV030,Mumbai,Nashik,2026-07-23,2026-07-24,,In Transit,0,0,
TRP00216,CUS014,VEH010,DRV004,Chennai,Hyderabad,2025-07-02,2025-07-04,,Cancelled,0,0,
TRP00217,CUS045,VEH017,DRV014,Nagpur,Aurangabad,2026-07-09,2026-07-11,2026-07-11,Delivered,1,0,0
TRP00218,CUS009,VEH014,DRV022,Pune,Hyderabad,2026-03-16,2026-03-17,,Cancelled,0,0,
TRP00219,CUS009,VEH003,DRV007,Nashik,Ahmedabad,2025-12-25,2025-12-26,2025-12-26,Delivered,1,0,0
TRP00220,CUS017,VEH010,DRV015,Mumbai,Bengaluru,2025-03-20,2025-03-23,2025-03-23,Delivered,1,0,0
TRP00221,CUS033,VEH012,DRV013,Ahmedabad,Mumbai,2025-03-10,2025-03-11,,Cancelled,0,0,
TRP00222,CUS007,VEH004,DRV015,Mumbai,Hyderabad,2026-07-26,2026-07-28,,In Transit,0,0,
TRP00223,CUS038,VEH003,DRV019,Nagpur,Pune,2025-08-28,2025-08-30,,Cancelled,0,0,
TRP00224,CUS003,VEH011,DRV004,Indore,Bengaluru,2026-03-18,2026-03-21,2026-03-21,Delivered,1,0,0
TRP00225,CUS012,VEH007,DRV030,Pune,Indore,2025-10-16,2025-10-18,2025-10-18,Delivered,1,0,0
TRP00226,CUS018,VEH002,DRV003,Surat,Ahmedabad,2026-07-31,2026-08-01,,In Transit,0,0,
TRP00227,CUS046,VEH001,DRV013,Nagpur,Indore,2026-07-06,2026-07-07,2026-07-07,Delivered,1,0,0
TRP00228,CUS050,VEH008,DRV001,Pune,Indore,2025-10-03,2025-10-04,2025-10-03,Delivered,1,0,-1
TRP00229,CUS048,VEH018,DRV027,Ahmedabad,Mumbai,2026-03-11,2026-03-13,2026-03-12,Delivered,1,0,-1
TRP00230,CUS038,VEH012,DRV030,Nashik,Mumbai,2025-07-02,2025-07-03,2025-07-02,Delivered,1,0,-1
TRP00231,CUS020,VEH016,DRV018,Pune,Nashik,2025-09-19,2025-09-20,2025-09-20,Delivered,1,0,0
TRP00232,CUS009,VEH007,DRV026,Hyderabad,Nagpur,2026-07-28,2026-07-30,,In Transit,0,0,
TRP00233,CUS008,VEH005,DRV025,Chennai,Hyderabad,2026-03-19,2026-03-21,2026-03-21,Delivered,1,0,0
TRP00234,CUS028,VEH006,DRV024,Hyderabad,Bengaluru,2026-02-07,2026-02-09,,Cancelled,0,0,
TRP00235,CUS012,VEH010,DRV005,Pune,Mumbai,2025-03-12,2025-03-13,2025-03-13,Delivered,1,0,0
TRP00236,CUS037,VEH008,DRV021,Aurangabad,Mumbai,2025-10-08,2025-10-09,2025-10-12,Delayed,0,1,3
TRP00237,CUS046,VEH003,DRV027,Nagpur,Hyderabad,2025-04-17,2025-04-18,2025-04-17,Delivered,1,0,-1
TRP00238,CUS027,VEH015,DRV024,Jaipur,Mumbai,2026-02-26,2026-03-02,2026-03-02,Delivered,1,0,0
TRP00239,CUS029,VEH008,DRV006,Indore,Mumbai,2025-11-01,2025-11-02,2025-11-01,Delivered,1,0,-1
TRP00240,CUS005,VEH006,DRV024,Hyderabad,Aurangabad,2026-06-16,2026-06-17,2026-06-17,Delivered,1,0,0
TRP00241,CUS004,VEH014,DRV006,Mumbai,Aurangabad,2025-11-05,2025-11-06,2025-11-06,Delivered,1,0,0
TRP00242,CUS032,VEH019,DRV018,Mumbai,Delhi,2026-06-13,2026-06-17,2026-06-16,Delivered,1,0,-1
TRP00243,CUS008,VEH003,DRV016,Indore,Nashik,2026-07-27,2026-07-28,,In Transit,0,0,
TRP00244,CUS012,VEH013,DRV012,Ahmedabad,Delhi,2025-11-09,2025-11-12,2025-11-11,Delivered,1,0,-1
TRP00245,CUS023,VEH003,DRV022,Delhi,Jaipur,2025-04-10,2025-04-11,2025-04-11,Delivered,1,0,0
TRP00246,CUS016,VEH016,DRV019,Indore,Hyderabad,2026-07-23,2026-07-25,,In Transit,0,0,
TRP00247,CUS008,VEH020,DRV005,Ahmedabad,Delhi,2025-08-23,2025-08-26,,Cancelled,0,0,
TRP00248,CUS039,VEH005,DRV027,Pune,Nagpur,2026-07-24,2026-07-26,,In Transit,0,0,
TRP00249,CUS030,VEH009,DRV017,Pune,Mumbai,2026-04-12,2026-04-13,2026-04-12,Delivered,1,0,-1
TRP00250,CUS007,VEH004,DRV030,Indore,Aurangabad,2026-07-28,2026-07-29,,In Transit,0,0,
TRP00251,CUS031,VEH019,DRV020,Mumbai,Surat,2026-03-25,2026-03-26,2026-03-26,Delivered,1,0,0
TRP00252,CUS018,VEH016,DRV030,Nagpur,Aurangabad,2025-11-21,2025-11-22,2025-11-21,Delivered,1,0,-1
TRP00253,CUS029,VEH010,DRV024,Nashik,Surat,2025-08-18,2025-08-19,2025-08-23,Delayed,0,1,4
TRP00254,CUS004,VEH012,DRV027,Chennai,Bengaluru,2026-03-27,2026-03-28,2026-04-02,Delayed,0,1,5
TRP00255,CUS013,VEH007,DRV029,Mumbai,Ahmedabad,2025-08-29,2025-08-31,,Cancelled,0,0,
TRP00256,CUS002,VEH004,DRV022,Pune,Hyderabad,2026-06-07,2026-06-09,2026-06-09,Delivered,1,0,0
TRP00257,CUS045,VEH009,DRV024,Mumbai,Nagpur,2025-09-14,2025-09-16,2025-09-15,Delivered,1,0,-1
TRP00258,CUS002,VEH014,DRV017,Mumbai,Pune,2025-02-15,2025-02-16,2025-02-16,Delivered,1,0,0
TRP00259,CUS025,VEH009,DRV014,Nagpur,Indore,2026-03-20,2026-03-21,2026-03-20,Delivered,1,0,-1
TRP00260,CUS042,VEH012,DRV018,Nashik,Aurangabad,2025-11-17,2025-11-18,2025-11-18,Delivered,1,0,0
TRP00261,CUS010,VEH010,DRV007,Chennai,Hyderabad,2026-08-01,2026-08-03,,In Transit,0,0,
TRP00262,CUS032,VEH001,DRV021,Nashik,Aurangabad,2025-03-15,2025-03-16,2025-03-15,Delivered,1,0,-1
TRP00263,CUS031,VEH018,DRV021,Indore,Nagpur,2026-07-31,2026-08-01,,In Transit,0,0,
TRP00264,CUS036,VEH009,DRV024,Nashik,Pune,2025-09-22,2025-09-23,2025-09-29,Delayed,0,1,6
TRP00265,CUS017,VEH011,DRV012,Nashik,Ahmedabad,2025-04-20,2025-04-21,2025-04-20,Delivered,1,0,-1
TRP00266,CUS020,VEH013,DRV017,Ahmedabad,Indore,2025-08-31,2025-09-01,2025-09-01,Delivered,1,0,0
TRP00267,CUS006,VEH006,DRV025,Bengaluru,Hyderabad,2025-04-07,2025-04-09,2025-04-09,Delivered,1,0,0
TRP00268,CUS011,VEH019,DRV025,Hyderabad,Bengaluru,2026-04-27,2026-04-29,2026-04-29,Delivered,1,0,0
TRP00269,CUS035,VEH001,DRV002,Aurangabad,Pune,2026-07-31,2026-08-01,,In Transit,0,0,
TRP00270,CUS045,VEH008,DRV008,Nagpur,Indore,2025-12-17,2025-12-18,2025-12-17,Delivered,1,0,-1
TRP00271,CUS034,VEH017,DRV020,Nagpur,Hyderabad,2026-06-23,2026-06-24,2026-06-23,Delivered,1,0,-1
TRP00272,CUS015,VEH013,DRV001,Bengaluru,Pune,2026-07-08,2026-07-10,2026-07-13,Delayed,0,1,3
TRP00273,CUS041,VEH013,DRV029,Nagpur,Pune,2025-03-28,2025-03-30,2025-03-29,Delivered,1,0,-1
TRP00274,CUS008,VEH015,DRV013,Aurangabad,Hyderabad,2025-02-16,2025-02-17,2025-02-16,Delivered,1,0,-1
TRP00275,CUS009,VEH020,DRV023,Indore,Ahmedabad,2025-06-07,2025-06-08,2025-06-09,Delayed,0,1,1
TRP00276,CUS034,VEH009,DRV027,Pune,Aurangabad,2026-06-30,2026-07-01,2026-07-01,Delivered,1,0,0
TRP00277,CUS008,VEH003,DRV030,Indore,Aurangabad,2026-07-15,2026-07-16,2026-07-15,Delivered,1,0,-1
TRP00278,CUS017,VEH015,DRV010,Indore,Bengaluru,2026-07-27,2026-07-30,,In Transit,0,0,
TRP00279,CUS049,VEH004,DRV004,Mumbai,Surat,2026-01-09,2026-01-10,2026-01-14,Delayed,0,1,4
TRP00280,CUS022,VEH003,DRV012,Pune,Nashik,2026-03-08,2026-03-09,2026-03-09,Delivered,1,0,0
TRP00281,CUS009,VEH006,DRV004,Ahmedabad,Mumbai,2026-06-16,2026-06-17,2026-06-17,Delivered,1,0,0
TRP00282,CUS002,VEH012,DRV020,Mumbai,Hyderabad,2026-07-30,2026-08-01,,In Transit,0,0,
TRP00283,CUS048,VEH017,DRV025,Indore,Aurangabad,2026-01-19,2026-01-20,,Cancelled,0,0,
TRP00284,CUS023,VEH008,DRV016,Surat,Ahmedabad,2026-08-01,2026-08-02,,In Transit,0,0,
TRP00285,CUS032,VEH016,DRV028,Mumbai,Jaipur,2025-11-18,2025-11-22,2025-11-21,Delivered,1,0,-1
TRP00286,CUS030,VEH008,DRV003,Delhi,Ahmedabad,2026-07-30,2026-08-02,,In Transit,0,0,
TRP00287,CUS026,VEH001,DRV004,Ahmedabad,Indore,2026-08-01,2026-08-02,,In Transit,0,0,
TRP00288,CUS042,VEH018,DRV007,Bengaluru,Indore,2025-09-23,2025-09-26,2025-09-26,Delivered,1,0,0
TRP00289,CUS043,VEH016,DRV023,Aurangabad,Nagpur,2025-09-22,2025-09-24,2025-09-27,Delayed,0,1,3
TRP00290,CUS034,VEH010,DRV018,Aurangabad,Nagpur,2025-06-30,2025-07-01,2025-07-01,Delivered,1,0,0
TRP00291,CUS026,VEH007,DRV004,Pune,Surat,2025-05-28,2025-05-29,2025-05-30,Delayed,0,1,1
TRP00292,CUS050,VEH019,DRV004,Ahmedabad,Delhi,2026-07-02,2026-07-05,2026-07-04,Delivered,1,0,-1
TRP00293,CUS033,VEH019,DRV016,Nashik,Pune,2026-07-24,2026-07-25,,In Transit,0,0,
TRP00294,CUS025,VEH017,DRV029,Indore,Ahmedabad,2025-11-14,2025-11-15,2025-11-18,Delayed,0,1,3
TRP00295,CUS027,VEH005,DRV005,Bengaluru,Chennai,2026-07-31,2026-08-01,,In Transit,0,0,
TRP00296,CUS023,VEH010,DRV022,Hyderabad,Mumbai,2026-07-07,2026-07-09,,Cancelled,0,0,
TRP00297,CUS038,VEH018,DRV016,Indore,Aurangabad,2025-11-26,2025-11-27,2025-12-01,Delayed,0,1,4
TRP00298,CUS010,VEH001,DRV013,Ahmedabad,Mumbai,2025-07-21,2025-07-22,2025-07-28,Delayed,0,1,6
TRP00299,CUS049,VEH010,DRV007,Delhi,Jaipur,2025-09-24,2025-09-25,2025-09-25,Delivered,1,0,0
TRP00300,CUS043,VEH010,DRV023,Ahmedabad,Mumbai,2025-12-24,2025-12-25,,Cancelled,0,0,
TRP00301,CUS015,VEH015,DRV027,Aurangabad,Nagpur,2025-08-24,2025-08-25,2025-08-24,Delivered,1,0,-1
TRP00302,CUS033,VEH006,DRV024,Mumbai,Bengaluru,2025-06-20,2025-06-23,2025-06-23,Delivered,1,0,0
TRP00303,CUS010,VEH005,DRV002,Surat,Nashik,2025-12-12,2025-12-13,2025-12-18,Delayed,0,1,5
TRP00304,CUS015,VEH011,DRV017,Nashik,Pune,2026-03-27,2026-03-28,2026-03-27,Delivered,1,0,-1
TRP00305,CUS019,VEH011,DRV012,Surat,Pune,2025-02-16,2025-02-17,2025-02-17,Delivered,1,0,0
TRP00306,CUS040,VEH020,DRV030,Hyderabad,Pune,2025-06-03,2025-06-05,2025-06-05,Delivered,1,0,0
TRP00307,CUS033,VEH012,DRV017,Ahmedabad,Delhi,2026-01-01,2026-01-04,2026-01-05,Delayed,0,1,1
TRP00308,CUS001,VEH018,DRV018,Mumbai,Indore,2026-04-17,2026-04-18,2026-04-17,Delivered,1,0,-1
TRP00309,CUS005,VEH014,DRV021,Mumbai,Delhi,2025-04-23,2025-04-27,2025-04-27,Delivered,1,0,0
TRP00310,CUS017,VEH008,DRV030,Ahmedabad,Indore,2025-02-24,2025-02-25,2025-02-24,Delivered,1,0,-1
TRP00311,CUS049,VEH020,DRV003,Nashik,Ahmedabad,2026-07-06,2026-07-07,2026-07-07,Delivered,1,0,0
TRP00312,CUS026,VEH015,DRV013,Mumbai,Nashik,2026-03-14,2026-03-15,2026-03-15,Delivered,1,0,0
TRP00313,CUS036,VEH012,DRV001,Aurangabad,Hyderabad,2026-03-17,2026-03-18,2026-03-17,Delivered,1,0,-1
TRP00314,CUS027,VEH012,DRV007,Bengaluru,Chennai,2025-10-23,2025-10-24,2025-10-23,Delivered,1,0,-1
TRP00315,CUS049,VEH002,DRV028,Aurangabad,Hyderabad,2025-04-16,2025-04-17,2025-04-16,Delivered,1,0,-1
TRP00316,CUS009,VEH011,DRV012,Pune,Hyderabad,2026-07-28,2026-07-30,,In Transit,0,0,
TRP00317,CUS037,VEH019,DRV005,Aurangabad,Indore,2025-02-11,2025-02-12,2025-02-11,Delivered,1,0,-1
TRP00318,CUS024,VEH009,DRV027,Hyderabad,Mumbai,2026-05-09,2026-05-11,2026-05-11,Delivered,1,0,0
TRP00319,CUS018,VEH020,DRV003,Hyderabad,Mumbai,2025-04-26,2025-04-28,2025-04-29,Delayed,0,1,1
TRP00320,CUS026,VEH019,DRV019,Nashik,Ahmedabad,2026-06-05,2026-06-06,2026-06-05,Delivered,1,0,-1
TRP00321,CUS019,VEH019,DRV024,Mumbai,Hyderabad,2026-07-06,2026-07-08,2026-07-07,Delivered,1,0,-1
TRP00322,CUS011,VEH020,DRV022,Bengaluru,Chennai,2025-07-06,2025-07-07,2025-07-07,Delivered,1,0,0
TRP00323,CUS005,VEH016,DRV008,Pune,Nagpur,2026-02-11,2026-02-13,2026-02-13,Delivered,1,0,0
TRP00324,CUS046,VEH011,DRV004,Chennai,Hyderabad,2025-08-04,2025-08-06,2025-08-10,Delayed,0,1,4
TRP00325,CUS017,VEH003,DRV017,Ahmedabad,Surat,2026-01-26,2026-01-27,2026-01-27,Delivered,1,0,0
TRP00326,CUS011,VEH005,DRV015,Pune,Bengaluru,2025-08-17,2025-08-20,2025-08-19,Delivered,1,0,-1
TRP00327,CUS008,VEH011,DRV024,Hyderabad,Indore,2026-04-03,2026-04-05,2026-04-04,Delivered,1,0,-1
TRP00328,CUS033,VEH005,DRV021,Surat,Mumbai,2025-08-10,2025-08-11,2025-08-11,Delivered,1,0,0
TRP00329,CUS047,VEH001,DRV029,Aurangabad,Nashik,2026-06-04,2026-06-05,2026-06-04,Delivered,1,0,-1
TRP00330,CUS038,VEH005,DRV026,Nashik,Pune,2026-01-23,2026-01-24,2026-01-23,Delivered,1,0,-1
TRP00331,CUS013,VEH004,DRV001,Chennai,Hyderabad,2025-07-10,2025-07-12,2025-07-11,Delivered,1,0,-1
TRP00332,CUS035,VEH002,DRV029,Chennai,Bengaluru,2025-02-08,2025-02-09,2025-02-15,Delayed,0,1,6
TRP00333,CUS003,VEH012,DRV028,Hyderabad,Chennai,2026-03-04,2026-03-06,2026-03-05,Delivered,1,0,-1
TRP00334,CUS006,VEH008,DRV030,Aurangabad,Nashik,2025-02-12,2025-02-13,2025-02-12,Delivered,1,0,-1
TRP00335,CUS042,VEH001,DRV013,Surat,Pune,2025-07-15,2025-07-16,2025-07-16,Delivered,1,0,0
TRP00336,CUS040,VEH019,DRV012,Indore,Pune,2026-06-16,2026-06-18,2026-06-18,Delivered,1,0,0
TRP00337,CUS046,VEH012,DRV025,Indore,Surat,2025-09-30,2025-10-01,2025-10-07,Delayed,0,1,6
TRP00338,CUS022,VEH017,DRV013,Hyderabad,Aurangabad,2026-03-12,2026-03-13,2026-03-12,Delivered,1,0,-1
TRP00339,CUS039,VEH016,DRV030,Ahmedabad,Jaipur,2025-03-17,2025-03-19,2025-03-19,Delivered,1,0,0
TRP00340,CUS050,VEH020,DRV002,Nashik,Pune,2026-07-22,2026-07-23,2026-07-22,Delivered,1,0,-1
TRP00341,CUS011,VEH008,DRV020,Mumbai,Surat,2025-05-06,2025-05-07,,Cancelled,0,0,
TRP00342,CUS034,VEH019,DRV007,Pune,Mumbai,2025-11-25,2025-11-26,2025-11-26,Delivered,1,0,0
TRP00343,CUS013,VEH008,DRV020,Bengaluru,Indore,2026-03-30,2026-04-02,2026-04-01,Delivered,1,0,-1
TRP00344,CUS033,VEH004,DRV026,Nagpur,Pune,2026-05-06,2026-05-08,2026-05-08,Delivered,1,0,0
TRP00345,CUS030,VEH015,DRV022,Ahmedabad,Nashik,2026-03-05,2026-03-06,2026-03-05,Delivered,1,0,-1
TRP00346,CUS023,VEH011,DRV014,Chennai,Hyderabad,2025-11-28,2025-11-30,2025-11-30,Delivered,1,0,0
TRP00347,CUS023,VEH016,DRV011,Surat,Pune,2025-08-20,2025-08-21,,Cancelled,0,0,
TRP00348,CUS013,VEH007,DRV008,Hyderabad,Pune,2025-06-09,2025-06-10,2025-06-16,Delayed,0,1,6
TRP00349,CUS035,VEH001,DRV025,Surat,Mumbai,2025-11-15,2025-11-16,2025-11-16,Delivered,1,0,0
TRP00350,CUS034,VEH005,DRV002,Ahmedabad,Jaipur,2026-03-17,2026-03-19,2026-03-18,Delivered,1,0,-1
TRP00351,CUS021,VEH017,DRV015,Mumbai,Pune,2026-01-06,2026-01-07,2026-01-07,Delivered,1,0,0
TRP00352,CUS040,VEH009,DRV016,Nagpur,Hyderabad,2026-02-23,2026-02-24,2026-02-24,Delivered,1,0,0
TRP00353,CUS044,VEH005,DRV019,Bengaluru,Pune,2026-07-31,2026-08-02,,In Transit,0,0,
TRP00354,CUS001,VEH005,DRV016,Pune,Nashik,2026-07-31,2026-08-01,,In Transit,0,0,
TRP00355,CUS037,VEH009,DRV018,Mumbai,Ahmedabad,2025-10-25,2025-10-26,2025-10-25,Delivered,1,0,-1
TRP00356,CUS036,VEH012,DRV012,Hyderabad,Aurangabad,2025-06-11,2025-06-12,2025-06-11,Delivered,1,0,-1
TRP00357,CUS050,VEH018,DRV006,Nashik,Aurangabad,2026-05-10,2026-05-11,2026-05-11,Delivered,1,0,0
TRP00358,CUS011,VEH005,DRV028,Nagpur,Hyderabad,2025-04-21,2025-04-23,2025-04-23,Delivered,1,0,0
TRP00359,CUS018,VEH010,DRV023,Surat,Indore,2026-07-28,2026-07-29,,In Transit,0,0,
TRP00360,CUS002,VEH006,DRV006,Hyderabad,Mumbai,2025-04-29,2025-05-01,,Cancelled,0,0,
TRP00361,CUS004,VEH016,DRV018,Nashik,Mumbai,2025-05-24,2025-05-25,,Cancelled,0,0,
TRP00362,CUS016,VEH010,DRV008,Nashik,Aurangabad,2025-07-31,2025-08-01,2025-08-01,Delivered,1,0,0
TRP00363,CUS035,VEH016,DRV015,Indore,Pune,2025-08-07,2025-08-09,,Cancelled,0,0,
TRP00364,CUS041,VEH014,DRV017,Delhi,Jaipur,2025-05-09,2025-05-10,2025-05-10,Delivered,1,0,0
TRP00365,CUS034,VEH001,DRV001,Mumbai,Hyderabad,2026-06-25,2026-06-27,2026-06-27,Delivered,1,0,0
TRP00366,CUS015,VEH010,DRV020,Pune,Mumbai,2026-07-29,2026-07-30,,In Transit,0,0,
TRP00367,CUS025,VEH013,DRV027,Pune,Bengaluru,2025-11-12,2025-11-14,2025-11-14,Delivered,1,0,0
TRP00368,CUS019,VEH006,DRV005,Bengaluru,Mumbai,2026-06-25,2026-06-28,2026-06-27,Delivered,1,0,-1
TRP00369,CUS007,VEH001,DRV006,Nashik,Aurangabad,2025-10-03,2025-10-04,2025-10-05,Delayed,0,1,1
TRP00370,CUS032,VEH010,DRV026,Nagpur,Aurangabad,2025-07-06,2025-07-08,2025-07-08,Delivered,1,0,0
TRP00371,CUS017,VEH007,DRV029,Ahmedabad,Surat,2025-10-19,2025-10-20,2025-10-24,Delayed,0,1,4
TRP00372,CUS048,VEH007,DRV015,Aurangabad,Mumbai,2025-12-23,2025-12-24,2025-12-23,Delivered,1,0,-1
TRP00373,CUS008,VEH018,DRV017,Pune,Nagpur,2025-04-01,2025-04-03,2025-04-02,Delivered,1,0,-1
TRP00374,CUS001,VEH014,DRV011,Jaipur,Mumbai,2025-10-13,2025-10-17,2025-10-16,Delivered,1,0,-1
TRP00375,CUS024,VEH020,DRV005,Mumbai,Nagpur,2026-01-19,2026-01-21,2026-01-27,Delayed,0,1,6
TRP00376,CUS035,VEH005,DRV023,Mumbai,Aurangabad,2026-01-28,2026-01-29,,Cancelled,0,0,
TRP00377,CUS009,VEH012,DRV024,Nagpur,Pune,2025-12-05,2025-12-07,2025-12-07,Delivered,1,0,0
TRP00378,CUS047,VEH012,DRV011,Indore,Bengaluru,2025-07-21,2025-07-25,,Cancelled,0,0,
TRP00379,CUS001,VEH012,DRV015,Bengaluru,Chennai,2026-02-14,2026-02-15,2026-02-14,Delivered,1,0,-1
TRP00380,CUS025,VEH018,DRV027,Aurangabad,Pune,2025-11-23,2025-11-24,2025-11-24,Delivered,1,0,0
TRP00381,CUS009,VEH003,DRV002,Nashik,Pune,2025-05-19,2025-05-20,2025-05-20,Delivered,1,0,0
TRP00382,CUS004,VEH019,DRV009,Nagpur,Aurangabad,2025-09-08,2025-09-09,2025-09-08,Delivered,1,0,-1
TRP00383,CUS048,VEH012,DRV018,Indore,Ahmedabad,2025-11-06,2025-11-07,2025-11-06,Delivered,1,0,-1
TRP00384,CUS007,VEH007,DRV017,Aurangabad,Mumbai,2025-10-19,2025-10-20,2025-10-19,Delivered,1,0,-1
TRP00385,CUS041,VEH004,DRV025,Aurangabad,Indore,2025-05-24,2025-05-25,2025-05-27,Delayed,0,1,2
TRP00386,CUS039,VEH006,DRV018,Delhi,Ahmedabad,2026-01-05,2026-01-07,2026-01-07,Delivered,1,0,0
TRP00387,CUS016,VEH011,DRV020,Indore,Aurangabad,2025-10-25,2025-10-26,2025-10-26,Delivered,1,0,0
TRP00388,CUS039,VEH002,DRV010,Nashik,Mumbai,2025-12-11,2025-12-12,2025-12-11,Delivered,1,0,-1
TRP00389,CUS036,VEH009,DRV030,Chennai,Bengaluru,2025-03-17,2025-03-18,2025-03-17,Delivered,1,0,-1
TRP00390,CUS015,VEH019,DRV008,Nagpur,Pune,2025-09-17,2025-09-19,2025-09-19,Delivered,1,0,0
TRP00391,CUS007,VEH019,DRV027,Nashik,Indore,2025-04-05,2025-04-06,2025-04-06,Delivered,1,0,0
TRP00392,CUS008,VEH014,DRV030,Bengaluru,Pune,2026-03-05,2026-03-08,,Cancelled,0,0,
TRP00393,CUS045,VEH011,DRV017,Pune,Bengaluru,2026-05-09,2026-05-11,,Cancelled,0,0,
TRP00394,CUS009,VEH013,DRV005,Nagpur,Hyderabad,2026-03-22,2026-03-23,2026-03-23,Delivered,1,0,0
TRP00395,CUS009,VEH005,DRV025,Hyderabad,Indore,2025-08-26,2025-08-28,2025-09-03,Delayed,0,1,6
TRP00396,CUS028,VEH009,DRV025,Surat,Nashik,2026-04-06,2026-04-07,2026-04-07,Delivered,1,0,0
TRP00397,CUS020,VEH001,DRV025,Jaipur,Mumbai,2026-05-05,2026-05-08,,Cancelled,0,0,
TRP00398,CUS049,VEH012,DRV005,Mumbai,Nagpur,2025-07-08,2025-07-10,,Cancelled,0,0,
TRP00399,CUS029,VEH004,DRV010,Indore,Hyderabad,2025-09-03,2025-09-05,2025-09-05,Delivered,1,0,0
TRP00400,CUS045,VEH005,DRV023,Mumbai,Nashik,2025-10-26,2025-10-27,2025-10-27,Delivered,1,0,0
TRP00401,CUS030,VEH009,DRV002,Mumbai,Pune,2026-02-10,2026-02-11,2026-02-12,Delayed,0,1,1
TRP00402,CUS025,VEH013,DRV008,Chennai,Bengaluru,2025-05-08,2025-05-09,2025-05-09,Delivered,1,0,0
TRP00403,CUS034,VEH002,DRV008,Nashik,Indore,2026-01-28,2026-01-29,2026-01-29,Delivered,1,0,0
TRP00404,CUS004,VEH017,DRV009,Nagpur,Pune,2026-07-23,2026-07-25,,In Transit,0,0,
TRP00405,CUS026,VEH011,DRV029,Mumbai,Hyderabad,2025-09-27,2025-09-29,,Cancelled,0,0,
TRP00406,CUS029,VEH020,DRV011,Delhi,Jaipur,2025-09-02,2025-09-03,2025-09-03,Delivered,1,0,0
TRP00407,CUS050,VEH005,DRV014,Delhi,Mumbai,2025-04-17,2025-04-21,2025-04-20,Delivered,1,0,-1
TRP00408,CUS002,VEH005,DRV024,Surat,Nashik,2026-05-06,2026-05-07,2026-05-07,Delivered,1,0,0
TRP00409,CUS002,VEH005,DRV006,Indore,Pune,2025-10-01,2025-10-03,2025-10-03,Delivered,1,0,0
TRP00410,CUS039,VEH005,DRV017,Hyderabad,Indore,2026-07-30,2026-08-01,,In Transit,0,0,
TRP00411,CUS001,VEH014,DRV025,Indore,Pune,2025-09-02,2025-09-03,2025-09-04,Delayed,0,1,1
TRP00412,CUS040,VEH015,DRV028,Hyderabad,Bengaluru,2026-07-29,2026-07-31,,In Transit,0,0,
TRP00413,CUS021,VEH013,DRV024,Indore,Surat,2025-03-18,2025-03-19,2025-03-19,Delivered,1,0,0
TRP00414,CUS035,VEH008,DRV017,Indore,Surat,2025-03-29,2025-03-30,2025-03-30,Delivered,1,0,0
TRP00415,CUS011,VEH010,DRV015,Ahmedabad,Jaipur,2025-07-02,2025-07-04,2025-07-10,Delayed,0,1,6
TRP00416,CUS050,VEH004,DRV006,Ahmedabad,Nashik,2026-04-06,2026-04-07,2026-04-06,Delivered,1,0,-1
TRP00417,CUS030,VEH007,DRV029,Mumbai,Nagpur,2026-07-25,2026-07-27,,In Transit,0,0,
TRP00418,CUS024,VEH015,DRV021,Nagpur,Mumbai,2026-07-31,2026-08-02,,In Transit,0,0,
TRP00419,CUS011,VEH002,DRV025,Hyderabad,Nagpur,2025-07-05,2025-07-07,2025-07-06,Delivered,1,0,-1
TRP00420,CUS041,VEH015,DRV010,Pune,Nashik,2025-10-24,2025-10-25,2025-10-25,Delivered,1,0,0
TRP00421,CUS032,VEH001,DRV020,Pune,Hyderabad,2026-05-05,2026-05-07,2026-05-06,Delivered,1,0,-1
TRP00422,CUS036,VEH020,DRV021,Pune,Surat,2025-03-16,2025-03-17,2025-03-18,Delayed,0,1,1
TRP00423,CUS006,VEH010,DRV011,Mumbai,Ahmedabad,2025-11-25,2025-11-26,2025-11-25,Delivered,1,0,-1
TRP00424,CUS003,VEH012,DRV030,Nagpur,Mumbai,2026-07-24,2026-07-26,,In Transit,0,0,
TRP00425,CUS008,VEH016,DRV005,Pune,Indore,2025-09-09,2025-09-11,2025-09-10,Delivered,1,0,-1
TRP00426,CUS031,VEH017,DRV003,Nashik,Aurangabad,2026-02-04,2026-02-05,2026-02-05,Delivered,1,0,0
TRP00427,CUS012,VEH016,DRV026,Bengaluru,Pune,2025-03-03,2025-03-05,2025-03-04,Delivered,1,0,-1
TRP00428,CUS027,VEH020,DRV014,Mumbai,Surat,2025-02-18,2025-02-19,2025-02-25,Delayed,0,1,6
TRP00429,CUS033,VEH010,DRV010,Aurangabad,Hyderabad,2026-01-22,2026-01-23,2026-01-28,Delayed,0,1,5
TRP00430,CUS022,VEH006,DRV007,Hyderabad,Nagpur,2025-03-15,2025-03-16,2025-03-16,Delivered,1,0,0
TRP00431,CUS022,VEH018,DRV029,Bengaluru,Indore,2025-12-10,2025-12-13,2025-12-19,Delayed,0,1,6
TRP00432,CUS044,VEH007,DRV019,Hyderabad,Nagpur,2025-07-09,2025-07-10,2025-07-09,Delivered,1,0,-1
TRP00433,CUS011,VEH018,DRV027,Indore,Aurangabad,2025-12-19,2025-12-20,2025-12-20,Delivered,1,0,0
TRP00434,CUS016,VEH003,DRV016,Nagpur,Aurangabad,2025-12-13,2025-12-15,2025-12-15,Delivered,1,0,0
TRP00435,CUS033,VEH003,DRV015,Nashik,Mumbai,2026-01-21,2026-01-22,2026-01-22,Delivered,1,0,0
TRP00436,CUS034,VEH004,DRV027,Mumbai,Hyderabad,2025-06-05,2025-06-07,2025-06-06,Delivered,1,0,-1
TRP00437,CUS030,VEH003,DRV011,Mumbai,Surat,2025-03-02,2025-03-03,2025-03-06,Delayed,0,1,3
TRP00438,CUS019,VEH007,DRV007,Indore,Pune,2025-11-13,2025-11-15,2025-11-18,Delayed,0,1,3
TRP00439,CUS007,VEH018,DRV017,Surat,Pune,2025-11-24,2025-11-25,2025-11-24,Delivered,1,0,-1
TRP00440,CUS029,VEH011,DRV018,Mumbai,Ahmedabad,2025-05-26,2025-05-27,2025-05-28,Delayed,0,1,1
TRP00441,CUS038,VEH020,DRV029,Delhi,Ahmedabad,2026-07-31,2026-08-03,,In Transit,0,0,
TRP00442,CUS006,VEH019,DRV005,Indore,Bengaluru,2026-05-29,2026-06-01,2026-06-03,Delayed,0,1,2
TRP00443,CUS024,VEH009,DRV030,Surat,Indore,2026-01-05,2026-01-06,2026-01-05,Delivered,1,0,-1
TRP00444,CUS011,VEH016,DRV015,Aurangabad,Nashik,2025-05-23,2025-05-24,2025-05-23,Delivered,1,0,-1
TRP00445,CUS030,VEH010,DRV018,Indore,Surat,2025-07-19,2025-07-20,2025-07-20,Delivered,1,0,0
TRP00446,CUS028,VEH019,DRV014,Indore,Aurangabad,2025-04-27,2025-04-28,2025-04-28,Delivered,1,0,0
TRP00447,CUS007,VEH011,DRV018,Ahmedabad,Delhi,2025-05-29,2025-06-01,2025-06-01,Delivered,1,0,0
TRP00448,CUS014,VEH002,DRV003,Hyderabad,Mumbai,2025-02-07,2025-02-09,2025-02-15,Delayed,0,1,6
TRP00449,CUS037,VEH013,DRV020,Ahmedabad,Delhi,2025-12-15,2025-12-17,2025-12-17,Delivered,1,0,0
TRP00450,CUS001,VEH003,DRV019,Bengaluru,Chennai,2026-02-20,2026-02-21,2026-02-20,Delivered,1,0,-1
TRP00451,CUS019,VEH012,DRV004,Mumbai,Nashik,2025-12-29,2025-12-30,2025-12-30,Delivered,1,0,0
TRP00452,CUS009,VEH006,DRV016,Aurangabad,Pune,2026-04-10,2026-04-11,2026-04-10,Delivered,1,0,-1
TRP00453,CUS047,VEH001,DRV005,Hyderabad,Bengaluru,2025-06-27,2025-06-29,2025-06-29,Delivered,1,0,0
TRP00454,CUS028,VEH020,DRV030,Pune,Nashik,2026-07-29,2026-07-30,,In Transit,0,0,
TRP00455,CUS047,VEH019,DRV016,Hyderabad,Pune,2026-02-17,2026-02-19,,Cancelled,0,0,
TRP00456,CUS045,VEH019,DRV016,Mumbai,Nagpur,2025-11-20,2025-11-22,,Cancelled,0,0,
TRP00457,CUS048,VEH016,DRV021,Indore,Mumbai,2025-04-02,2025-04-03,2025-04-02,Delivered,1,0,-1
TRP00458,CUS047,VEH016,DRV019,Nagpur,Hyderabad,2026-07-27,2026-07-29,,In Transit,0,0,
TRP00459,CUS037,VEH010,DRV024,Pune,Nagpur,2025-03-31,2025-04-02,2025-04-02,Delivered,1,0,0
TRP00460,CUS006,VEH010,DRV016,Hyderabad,Mumbai,2025-06-22,2025-06-24,2025-06-24,Delivered,1,0,0
TRP00461,CUS012,VEH004,DRV020,Ahmedabad,Nashik,2025-08-05,2025-08-06,2025-08-05,Delivered,1,0,-1
TRP00462,CUS006,VEH002,DRV011,Delhi,Mumbai,2026-07-29,2026-08-02,,In Transit,0,0,
TRP00463,CUS037,VEH006,DRV007,Nagpur,Indore,2026-07-23,2026-07-24,,In Transit,0,0,
TRP00464,CUS025,VEH018,DRV008,Surat,Ahmedabad,2026-07-23,2026-07-24,,In Transit,0,0,
TRP00465,CUS044,VEH011,DRV017,Mumbai,Surat,2026-04-25,2026-04-26,2026-04-26,Delivered,1,0,0
TRP00466,CUS042,VEH004,DRV009,Nashik,Ahmedabad,2025-08-25,2025-08-26,2025-09-01,Delayed,0,1,6
TRP00467,CUS044,VEH018,DRV001,Pune,Mumbai,2025-05-24,2025-05-25,2025-05-25,Delivered,1,0,0
TRP00468,CUS002,VEH007,DRV002,Mumbai,Nagpur,2026-07-26,2026-07-28,,In Transit,0,0,
TRP00469,CUS039,VEH004,DRV003,Mumbai,Hyderabad,2025-08-15,2025-08-17,2025-08-23,Delayed,0,1,6
TRP00470,CUS030,VEH003,DRV021,Indore,Pune,2026-01-04,2026-01-06,2026-01-07,Delayed,0,1,1
TRP00471,CUS004,VEH013,DRV011,Nagpur,Pune,2026-06-25,2026-06-27,2026-06-26,Delivered,1,0,-1
TRP00472,CUS010,VEH016,DRV004,Jaipur,Delhi,2026-05-05,2026-05-06,2026-05-07,Delayed,0,1,1
TRP00473,CUS029,VEH009,DRV025,Nashik,Mumbai,2025-03-17,2025-03-18,2025-03-21,Delayed,0,1,3
TRP00474,CUS001,VEH013,DRV019,Chennai,Bengaluru,2026-03-27,2026-03-28,2026-03-27,Delivered,1,0,-1
TRP00475,CUS037,VEH016,DRV004,Jaipur,Delhi,2026-03-24,2026-03-25,2026-03-31,Delayed,0,1,6
TRP00476,CUS030,VEH011,DRV003,Aurangabad,Nashik,2026-03-07,2026-03-08,2026-03-08,Delivered,1,0,0
TRP00477,CUS006,VEH012,DRV016,Delhi,Ahmedabad,2025-10-09,2025-10-12,2025-10-11,Delivered,1,0,-1
TRP00478,CUS029,VEH016,DRV018,Mumbai,Nashik,2026-07-23,2026-07-24,,In Transit,0,0,
TRP00479,CUS044,VEH017,DRV015,Delhi,Jaipur,2025-03-16,2025-03-17,,Cancelled,0,0,
TRP00480,CUS016,VEH020,DRV002,Mumbai,Hyderabad,2026-07-24,2026-07-26,,In Transit,0,0,
TRP00481,CUS032,VEH004,DRV004,Pune,Bengaluru,2026-03-25,2026-03-27,2026-03-26,Delivered,1,0,-1
TRP00482,CUS003,VEH007,DRV025,Nashik,Ahmedabad,2026-04-08,2026-04-09,2026-04-09,Delivered,1,0,0
TRP00483,CUS009,VEH019,DRV002,Aurangabad,Mumbai,2025-07-18,2025-07-19,2025-07-19,Delivered,1,0,0
TRP00484,CUS042,VEH003,DRV023,Ahmedabad,Nashik,2026-07-30,2026-07-31,,In Transit,0,0,
TRP00485,CUS027,VEH017,DRV015,Hyderabad,Pune,2025-08-10,2025-08-11,2025-08-10,Delivered,1,0,-1
TRP00486,CUS001,VEH012,DRV014,Aurangabad,Hyderabad,2025-05-15,2025-05-16,2025-05-15,Delivered,1,0,-1
TRP00487,CUS004,VEH007,DRV009,Pune,Aurangabad,2026-07-30,2026-07-31,,In Transit,0,0,
TRP00488,CUS024,VEH002,DRV021,Nashik,Aurangabad,2026-05-17,2026-05-18,2026-05-17,Delivered,1,0,-1
TRP00489,CUS033,VEH001,DRV016,Mumbai,Bengaluru,2026-01-06,2026-01-09,2026-01-09,Delivered,1,0,0
TRP00490,CUS016,VEH008,DRV004,Indore,Ahmedabad,2026-06-04,2026-06-05,2026-06-04,Delivered,1,0,-1
TRP00491,CUS012,VEH020,DRV015,Surat,Ahmedabad,2026-02-09,2026-02-10,2026-02-09,Delivered,1,0,-1
TRP00492,CUS018,VEH019,DRV002,Mumbai,Hyderabad,2026-01-24,2026-01-26,2026-01-26,Delivered,1,0,0
TRP00493,CUS011,VEH020,DRV029,Indore,Aurangabad,2026-06-22,2026-06-23,2026-06-22,Delivered,1,0,-1
TRP00494,CUS047,VEH009,DRV001,Jaipur,Ahmedabad,2025-09-22,2025-09-24,2025-09-23,Delivered,1,0,-1
TRP00495,CUS003,VEH014,DRV002,Hyderabad,Indore,2026-03-17,2026-03-19,2026-03-18,Delivered,1,0,-1
TRP00496,CUS001,VEH018,DRV025,Indore,Ahmedabad,2025-05-10,2025-05-11,2025-05-11,Delivered,1,0,0
TRP00497,CUS038,VEH019,DRV024,Nashik,Mumbai,2026-03-29,2026-03-30,2026-03-30,Delivered,1,0,0
TRP00498,CUS041,VEH001,DRV028,Mumbai,Indore,2025-12-07,2025-12-09,2025-12-09,Delivered,1,0,0
TRP00499,CUS014,VEH019,DRV026,Nagpur,Mumbai,2026-07-19,2026-07-21,,Cancelled,0,0,
TRP00500,CUS040,VEH012,DRV015,Mumbai,Surat,2025-04-16,2025-04-17,2025-04-16,Delivered,1,0,-1
