trip_id,dispatch_date,dispatch_month,vehicle_id,driver_id,customer_id,origin,destination,distance_km,trip_status,freight_revenue,total_expense,profit,profit_margin_pct,cost_per_km
TRP00001,2025-02-27,2025-02,VEH014,DRV002,CUS014,Ahmedabad,Indore,417.8,Cancelled,27.0,593.83,-566.83,-2099.37,1.42
TRP00002,2025-09-20,2025-09,VEH012,DRV010,CUS049,Ahmedabad,Surat,277.3,Delivered,12350.0,16876.86,-4526.86,-36.65,60.86
TRP00003,2025-03-06,2025-03,VEH011,DRV022,CUS044,Indore,Surat,414.9,Cancelled,196.0,399.74,-203.74,-103.95,0.96
TRP00004,2026-01-07,2026-01,VEH014,DRV005,CUS030,Pune,Nashik,210.1,Delivered,15266.0,10574.81,4691.19,30.73,50.33
TRP00005,2026-01-31,2026-01,VEH014,DRV009,CUS006,Indore,Hyderabad,709.2,Cancelled,300.0,413.35,-113.35,-37.78,0.58
TRP00006,2025-06-04,2025-06,VEH001,DRV008,CUS013,Nashik,Mumbai,163.2,Delivered,5721.0,15496.76,-9775.76,-170.88,94.96
TRP00007,2025-03-05,2025-03,VEH012,DRV006,CUS039,Bengaluru,Mumbai,968.4,Delivered,47443.0,32934.92,14508.08,30.58,34.01
TRP00008,2026-08-01,2026-08,VEH003,DRV019,CUS045,Pune,Hyderabad,577.8,In Transit,35865.0,21754.55,14110.45,39.34,37.65
TRP00009,2025-02-19,2025-02,VEH002,DRV012,CUS035,Jaipur,Ahmedabad,643.8,Delayed,30623.0,22564.73,8058.27,26.31,35.05
TRP00010,2026-06-17,2026-06,VEH015,DRV023,CUS010,Ahmedabad,Jaipur,667.7,Delayed,51097.0,30464.96,20632.04,40.38,45.63
TRP00011,2026-03-02,2026-03,VEH008,DRV027,CUS006,Indore,Pune,583.8,Delivered,34994.0,23798.489999999998,11195.51,31.99,40.76
TRP00012,2026-07-31,2026-07,VEH007,DRV012,CUS017,Nagpur,Hyderabad,508.8,In Transit,24856.0,33498.22,-8642.22,-34.77,65.84
TRP00013,2025-02-24,2025-02,VEH014,DRV016,CUS036,Hyderabad,Pune,572.1,Delivered,38373.0,30598.379999999997,7774.62,20.26,53.48
TRP00014,2026-01-11,2026-01,VEH019,DRV012,CUS031,Hyderabad,Aurangabad,502.0,Delayed,32595.0,20603.21,11991.79,36.79,41.04
TRP00015,2025-08-15,2025-08,VEH004,DRV024,CUS013,Nashik,Surat,273.5,Delayed,19203.0,17554.96,1648.04,8.58,64.19
TRP00016,2025-12-13,2025-12,VEH017,DRV020,CUS019,Aurangabad,Mumbai,332.9,Delivered,16559.0,15980.96,578.04,3.49,48.01
TRP00017,2025-02-19,2025-02,VEH018,DRV010,CUS045,Hyderabad,Mumbai,731.5,Delivered,40721.0,36071.9,4649.1,11.42,49.31
TRP00018,2025-04-02,2025-04,VEH002,DRV009,CUS031,Bengaluru,Mumbai,987.0,Delivered,42197.0,34119.04,8077.96,19.14,34.57
TRP00019,2026-07-27,2026-07,VEH018,DRV025,CUS027,Bengaluru,Pune,840.4,In Transit,50690.0,29975.7,20714.3,40.86,35.67
TRP00020,2025-05-01,2025-05,VEH020,DRV002,CUS040,Aurangabad,Mumbai,330.5,Delivered,24552.0,16555.19,7996.81,32.57,50.09
TRP00021,2026-05-17,2026-05,VEH014,DRV015,CUS045,Indore,Hyderabad,692.0,Delayed,54809.0,36296.9,18512.1,33.78,52.45
TRP00022,2025-11-06,2025-11,VEH019,DRV022,CUS013,Ahmedabad,Jaipur,652.1,Delivered,44094.0,28743.2,15350.8,34.81,44.08
TRP00023,2026-03-26,2026-03,VEH020,DRV024,CUS037,Nashik,Aurangabad,211.6,Delivered,16455.0,18023.34,-1568.34,-9.53,85.18
TRP00024,2025-02-28,2025-02,VEH014,DRV024,CUS021,Pune,Nagpur,691.8,Delayed,52294.0,39510.85,12783.15,24.44,57.11
TRP00025,2026-06-25,2026-06,VEH006,DRV016,CUS034,Delhi,Ahmedabad,935.3,Delivered,32613.0,31266.14,1346.86,4.13,33.43
TRP00026,2026-03-24,2026-03,VEH004,DRV028,CUS011,Nagpur,Hyderabad,504.8,Delayed,29766.0,22346.6,7419.4,24.93,44.27
TRP00027,2026-05-26,2026-05,VEH009,DRV011,CUS008,Indore,Surat,414.4,Delivered,29679.0,19446.58,10232.42,34.48,46.93
TRP00028,2026-05-01,2026-05,VEH016,DRV021,CUS029,Mumbai,Ahmedabad,537.4,Cancelled,1747.0,529.9,1217.1,69.67,0.99
TRP00029,2025-06-03,2025-06,VEH008,DRV023,CUS011,Indore,Nashik,405.7,Delivered,23407.0,19801.420000000002,3605.58,15.4,48.81
TRP00030,2026-05-20,2026-05,VEH010,DRV017,CUS046,Pune,Indore,595.1,Delivered,45703.0,22254.93,23448.07,51.31,37.4
TRP00031,2026-07-11,2026-07,VEH005,DRV028,CUS005,Indore,Pune,612.6,Delivered,45330.0,29416.36,15913.64,35.11,48.02
TRP00032,2026-01-13,2026-01,VEH019,DRV019,CUS043,Hyderabad,Bengaluru,573.3,Delivered,38860.0,23694.9,15165.1,39.02,41.33
TRP00033,2025-12-29,2025-12,VEH007,DRV023,CUS016,Aurangabad,Indore,477.7,Delivered,23091.0,22074.73,1016.27,4.4,46.21
TRP00034,2026-07-30,2026-07,VEH005,DRV016,CUS003,Hyderabad,Mumbai,722.2,In Transit,57014.0,29893.45,27120.55,47.57,41.39
TRP00035,2026-03-21,2026-03,VEH005,DRV014,CUS042,Mumbai,Delhi,1445.5,Delivered,128055.0,47805.04,80249.96,62.67,33.07
TRP00036,2025-11-28,2025-11,VEH013,DRV011,CUS041,Hyderabad,Bengaluru,554.5,Delivered,30407.0,36730.93,-6323.93,-20.8,66.24
TRP00037,2026-07-27,2026-07,VEH004,DRV015,CUS011,Indore,Nashik,389.5,In Transit,25252.0,20626.98,4625.02,18.32,52.96
TRP00038,2026-08-01,2026-08,VEH014,DRV019,CUS044,Pune,Nashik,205.0,In Transit,14696.0,14676.49,19.51,0.13,71.59
TRP00039,2026-07-30,2026-07,VEH008,DRV015,CUS041,Pune,Nagpur,716.3,In Transit,41563.0,25843.86,15719.14,37.82,36.08
TRP00040,2025-12-13,2025-12,VEH015,DRV012,CUS038,Indore,Nashik,401.6,Delivered,31077.0,20936.49,10140.51,32.63,52.13
TRP00041,2026-03-19,2026-03,VEH013,DRV019,CUS023,Aurangabad,Indore,471.9,Delivered,30868.0,24680.24,6187.76,20.05,52.3
TRP00042,2025-06-27,2025-06,VEH010,DRV025,CUS015,Nagpur,Indore,428.6,Delivered,32869.0,32432.12,436.88,1.33,75.67
TRP00043,2025-08-05,2025-08,VEH019,DRV012,CUS047,Mumbai,Hyderabad,705.5,Delayed,51640.0,25606.66,26033.34,50.41,36.3
TRP00044,2025-12-06,2025-12,VEH017,DRV030,CUS018,Mumbai,Jaipur,1196.6,Delivered,60818.0,39007.42,21810.58,35.86,32.6
TRP00045,2026-02-16,2026-02,VEH003,DRV005,CUS049,Bengaluru,Pune,863.5,Cancelled,887.0,0,887.0,100.0,0.0
TRP00046,2025-05-28,2025-05,VEH012,DRV022,CUS048,Nagpur,Pune,725.1,Cancelled,5025.0,549.29,4475.71,89.07,0.76
TRP00047,2025-12-13,2025-12,VEH011,DRV030,CUS040,Bengaluru,Pune,857.5,Delivered,30752.0,32363.32,-1611.32,-5.24,37.74
TRP00048,2026-02-21,2026-02,VEH010,DRV016,CUS008,Mumbai,Aurangabad,339.4,Delivered,28497.0,16524.88,11972.12,42.01,48.69
TRP00049,2026-02-21,2026-02,VEH014,DRV021,CUS007,Hyderabad,Bengaluru,595.7,Delivered,47832.0,23415.39,24416.61,51.05,39.31
TRP00050,2025-11-16,2025-11,VEH004,DRV022,CUS024,Jaipur,Delhi,286.0,Delivered,21991.0,21075.81,915.19,4.16,73.69
TRP00051,2025-09-05,2025-09,VEH003,DRV022,CUS014,Mumbai,Nashik,164.5,Cancelled,312.0,502.88,-190.88,-61.18,3.06
TRP00052,2025-07-05,2025-07,VEH008,DRV011,CUS050,Delhi,Mumbai,1424.7,Delivered,83730.0,46343.89000000001,37386.11,44.65,32.53
TRP00053,2025-08-04,2025-08,VEH001,DRV005,CUS001,Indore,Nagpur,430.2,Delivered,16494.0,20568.9,-4074.9,-24.71,47.81
TRP00054,2025-03-23,2025-03,VEH003,DRV016,CUS029,Aurangabad,Nagpur,489.4,Delivered,30333.0,28557.68,1775.32,5.85,58.35
TRP00055,2026-07-24,2026-07,VEH002,DRV016,CUS026,Jaipur,Ahmedabad,666.1,In Transit,29316.0,23610.85,5705.15,19.46,35.45
TRP00056,2025-12-05,2025-12,VEH005,DRV009,CUS040,Ahmedabad,Nashik,458.2,Cancelled,3665.0,463.39,3201.61,87.36,1.01
TRP00057,2026-05-17,2026-05,VEH018,DRV024,CUS014,Ahmedabad,Jaipur,652.3,Delivered,35110.0,28525.91,6584.09,18.75,43.73
TRP00058,2025-05-16,2025-05,VEH009,DRV012,CUS010,Indore,Hyderabad,725.6,Delivered,54053.0,26355.93,27697.07,51.24,36.32
TRP00059,2026-07-29,2026-07,VEH019,DRV018,CUS036,Hyderabad,Nagpur,501.4,In Transit,39000.0,24158.12,14841.88,38.06,48.18
TRP00060,2025-09-24,2025-09,VEH020,DRV010,CUS023,Aurangabad,Mumbai,330.7,Delayed,26659.0,15085.58,11573.42,43.41,45.62
TRP00061,2026-08-01,2026-08,VEH009,DRV019,CUS015,Jaipur,Ahmedabad,691.7,In Transit,49766.0,26073.89,23692.11,47.61,37.7
TRP00062,2025-02-13,2025-02,VEH009,DRV001,CUS012,Indore,Pune,586.9,Delivered,41026.0,25667.98,15358.02,37.43,43.73
TRP00063,2026-05-17,2026-05,VEH005,DRV024,CUS041,Mumbai,Nashik,167.1,Delivered,12478.0,11282.17,1195.83,9.58,67.52
TRP00064,2025-05-01,2025-05,VEH019,DRV020,CUS006,Mumbai,Ahmedabad,546.1,Delivered,37883.0,19737.67,18145.33,47.9,36.14
TRP00065,2026-06-20,2026-06,VEH009,DRV007,CUS049,Bengaluru,Chennai,346.5,Delivered,22065.0,23026.52,-961.52,-4.36,66.45
TRP00066,2025-10-26,2025-10,VEH020,DRV002,CUS001,Pune,Surat,429.3,Delivered,31500.0,24708.73,6791.27,21.56,57.56
TRP00067,2026-07-28,2026-07,VEH006,DRV005,CUS025,Jaipur,Delhi,282.8,In Transit,10336.0,12023.85,-1687.85,-16.33,42.52
TRP00068,2026-04-10,2026-04,VEH001,DRV015,CUS005,Surat,Nashik,274.3,Delayed,8927.0,16561.22,-7634.22,-85.52,60.38
TRP00069,2026-03-24,2026-03,VEH020,DRV015,CUS045,Nagpur,Aurangabad,518.8,Delivered,44367.0,22226.97,22140.03,49.9,42.84
TRP00070,2025-08-24,2025-08,VEH008,DRV011,CUS050,Mumbai,Jaipur,1178.9,Delivered,72606.0,48295.18,24310.82,33.48,40.97
TRP00071,2025-04-25,2025-04,VEH005,DRV008,CUS007,Mumbai,Delhi,1377.4,Delivered,109499.0,47727.64,61771.36,56.41,34.65
TRP00072,2025-12-27,2025-12,VEH019,DRV015,CUS044,Indore,Aurangabad,482.5,Delivered,34307.0,20891.97,13415.03,39.1,43.3
TRP00073,2025-04-06,2025-04,VEH009,DRV019,CUS004,Indore,Nagpur,432.8,Delivered,29653.0,20882.57,8770.43,29.58,48.25
TRP00074,2025-03-21,2025-03,VEH003,DRV020,CUS039,Bengaluru,Chennai,350.7,Cancelled,1065.0,620.52,444.48,41.74,1.77
TRP00075,2026-07-24,2026-07,VEH016,DRV017,CUS010,Mumbai,Ahmedabad,548.5,In Transit,18401.0,22989.22,-4588.22,-24.93,41.91
TRP00076,2026-03-10,2026-03,VEH015,DRV015,CUS034,Chennai,Hyderabad,624.4,Cancelled,5633.0,0,5633.0,100.0,0.0
TRP00077,2025-07-10,2025-07,VEH011,DRV003,CUS022,Aurangabad,Mumbai,335.3,Delivered,12633.0,19855.54,-7222.54,-57.17,59.22
TRP00078,2026-07-25,2026-07,VEH013,DRV005,CUS039,Mumbai,Nagpur,830.1,In Transit,53530.0,27449.95,26080.05,48.72,33.07
TRP00079,2025-09-14,2025-09,VEH017,DRV003,CUS042,Jaipur,Ahmedabad,641.2,Delivered,31519.0,27745.73,3773.27,11.97,43.27
TRP00080,2025-03-17,2025-03,VEH005,DRV003,CUS019,Aurangabad,Mumbai,339.4,Delayed,24707.0,18549.32,6157.68,24.92,54.65
TRP00081,2025-10-08,2025-10,VEH006,DRV006,CUS045,Jaipur,Mumbai,1124.4,Delivered,45021.0,35044.04,9976.96,22.16,31.17
TRP00082,2026-07-26,2026-07,VEH008,DRV018,CUS016,Indore,Nashik,413.1,In Transit,28250.0,17522.3,10727.7,37.97,42.42
TRP00083,2025-08-30,2025-08,VEH015,DRV025,CUS019,Ahmedabad,Surat,265.9,Delivered,20468.0,12426.69,8041.31,39.29,46.73
TRP00084,2025-06-14,2025-06,VEH016,DRV028,CUS024,Hyderabad,Aurangabad,513.5,Delivered,19315.0,19993.73,-678.73,-3.51,38.94
TRP00085,2026-01-30,2026-01,VEH005,DRV027,CUS028,Nagpur,Mumbai,819.8,Delivered,59905.0,26694.77,33210.23,55.44,32.56
TRP00086,2026-01-16,2026-01,VEH008,DRV013,CUS006,Nagpur,Aurangabad,497.7,Delivered,28778.0,42940.37,-14162.37,-49.21,86.28
TRP00087,2025-10-27,2025-10,VEH016,DRV023,CUS009,Indore,Hyderabad,679.3,Delivered,26228.0,25120.2,1107.8,4.22,36.98
TRP00088,2026-05-21,2026-05,VEH017,DRV014,CUS008,Nashik,Aurangabad,205.7,Delivered,9420.0,13344.03,-3924.03,-41.66,64.87
TRP00089,2026-04-09,2026-04,VEH017,DRV019,CUS016,Mumbai,Delhi,1358.2,Delivered,64731.0,40728.29,24002.71,37.08,29.99
TRP00090,2026-03-10,2026-03,VEH017,DRV018,CUS033,Chennai,Bengaluru,345.4,Delivered,17103.0,18316.739999999998,-1213.74,-7.1,53.03
TRP00091,2025-03-24,2025-03,VEH003,DRV012,CUS016,Aurangabad,Mumbai,344.7,Delivered,20242.0,14940.77,5301.23,26.19,43.34
TRP00092,2026-05-21,2026-05,VEH015,DRV023,CUS031,Nashik,Pune,204.8,Delayed,13926.0,13356.630000000001,569.37,4.09,65.22
TRP00093,2025-03-16,2025-03,VEH002,DRV011,CUS020,Bengaluru,Chennai,357.2,Delivered,17337.0,16936.120000000003,400.88,2.31,47.41
TRP00094,2026-03-23,2026-03,VEH002,DRV028,CUS042,Nagpur,Hyderabad,517.0,Delivered,22960.0,20438.23,2521.77,10.98,39.53
TRP00095,2025-08-10,2025-08,VEH016,DRV012,CUS034,Indore,Pune,606.6,Delivered,20319.0,39947.1,-19628.1,-96.6,65.85
TRP00096,2026-02-03,2026-02,VEH010,DRV010,CUS029,Ahmedabad,Jaipur,663.6,Delivered,54599.0,37621.69,16977.31,31.09,56.69
TRP00097,2025-03-10,2025-03,VEH002,DRV003,CUS043,Surat,Indore,413.6,Delayed,20256.0,32392.99,-12136.99,-59.92,78.32
TRP00098,2025-07-14,2025-07,VEH005,DRV003,CUS016,Nagpur,Aurangabad,523.0,Delivered,42084.0,22931.65,19152.35,45.51,43.85
TRP00099,2025-06-03,2025-06,VEH019,DRV005,CUS034,Nagpur,Aurangabad,511.0,Delivered,35241.0,20476.77,14764.23,41.9,40.07
TRP00100,2026-06-24,2026-06,VEH018,DRV004,CUS017,Nagpur,Pune,691.0,Delivered,41662.0,28878.76,12783.24,30.68,41.79
TRP00101,2025-12-01,2025-12,VEH015,DRV003,CUS044,Surat,Nashik,277.2,Delivered,23618.0,14660.49,8957.51,37.93,52.89
TRP00102,2026-07-26,2026-07,VEH006,DRV026,CUS024,Bengaluru,Chennai,361.8,In Transit,12249.0,17076.13,-4827.13,-39.41,47.2
TRP00103,2026-06-12,2026-06,VEH012,DRV015,CUS036,Hyderabad,Mumbai,693.6,Delivered,33268.0,28446.14,4821.86,14.49,41.01
TRP00104,2025-08-12,2025-08,VEH011,DRV021,CUS005,Ahmedabad,Delhi,960.8,Delivered,36242.0,34872.13,1369.87,3.78,36.29
TRP00105,2025-09-25,2025-09,VEH002,DRV027,CUS008,Hyderabad,Chennai,614.5,Delivered,30105.0,19976.7,10128.3,33.64,32.51
TRP00106,2025-07-14,2025-07,VEH018,DRV009,CUS009,Indore,Nashik,391.0,Delayed,23584.0,19615.11,3968.89,16.83,50.17
TRP00107,2025-09-10,2025-09,VEH019,DRV002,CUS002,Mumbai,Nagpur,847.7,Delivered,56488.0,31449.9,25038.1,44.32,37.1
TRP00108,2025-12-08,2025-12,VEH018,DRV010,CUS042,Nashik,Indore,413.8,Delayed,21668.0,19437.22,2230.78,10.3,46.97
TRP00109,2026-01-26,2026-01,VEH016,DRV015,CUS014,Hyderabad,Nagpur,497.5,Delayed,19342.0,18537.28,804.72,4.16,37.26
TRP00110,2025-03-30,2025-03,VEH004,DRV011,CUS016,Indore,Bengaluru,1207.2,Delivered,86375.0,40797.9,45577.1,52.77,33.8
TRP00111,2026-07-19,2026-07,VEH006,DRV027,CUS021,Indore,Aurangabad,453.2,Delivered,15651.0,26670.84,-11019.84,-70.41,58.85
TRP00112,2026-06-28,2026-06,VEH013,DRV017,CUS030,Pune,Hyderabad,559.0,Delivered,29436.0,32493.9,-3057.9,-10.39,58.13
TRP00113,2026-03-24,2026-03,VEH004,DRV014,CUS009,Nagpur,Pune,721.8,Delivered,46554.0,27255.760000000002,19298.24,41.45,37.76
TRP00114,2025-06-08,2025-06,VEH013,DRV017,CUS029,Aurangabad,Hyderabad,524.6,Delayed,31658.0,26602.36,5055.64,15.97,50.71
TRP00115,2025-03-25,2025-03,VEH011,DRV018,CUS024,Mumbai,Delhi,1415.0,Delivered,53943.0,46674.1,7268.9,13.48,32.99
TRP00116,2025-12-10,2025-12,VEH005,DRV020,CUS033,Mumbai,Hyderabad,723.5,Delivered,57705.0,23314.29,34390.71,59.6,32.22
TRP00117,2026-07-23,2026-07,VEH001,DRV012,CUS022,Bengaluru,Mumbai,1001.4,In Transit,35875.0,45749.83,-9874.83,-27.53,45.69
TRP00118,2026-03-03,2026-03,VEH019,DRV019,CUS015,Ahmedabad,Mumbai,521.3,Delayed,35317.0,20394.11,14922.89,42.25,39.12
TRP00119,2026-04-03,2026-04,VEH004,DRV007,CUS002,Ahmedabad,Delhi,933.0,Delayed,71900.0,50210.94,21689.06,30.17,53.82
TRP00120,2026-02-27,2026-02,VEH002,DRV023,CUS009,Hyderabad,Chennai,622.5,Delayed,29754.0,22990.600000000002,6763.4,22.73,36.93
TRP00121,2025-12-09,2025-12,VEH018,DRV012,CUS044,Nagpur,Pune,689.8,Delivered,42563.0,34749.55,7813.45,18.36,50.38
TRP00122,2025-11-28,2025-11,VEH016,DRV011,CUS031,Indore,Nagpur,454.5,Delayed,17949.0,20346.83,-2397.83,-13.36,44.77
TRP00123,2026-01-27,2026-01,VEH013,DRV027,CUS023,Mumbai,Delhi,1390.2,Delayed,78224.0,47010.71000000001,31213.29,39.9,33.82
TRP00124,2025-10-10,2025-10,VEH007,DRV027,CUS035,Indore,Pune,605.2,Delivered,27915.0,35859.26,-7944.26,-28.46,59.25
TRP00125,2025-07-18,2025-07,VEH014,DRV011,CUS046,Indore,Hyderabad,722.2,Delivered,48730.0,26421.78,22308.22,45.78,36.59
TRP00126,2025-03-17,2025-03,VEH010,DRV011,CUS019,Ahmedabad,Mumbai,517.9,Delivered,42875.0,32749.989999999998,10125.01,23.62,63.24
TRP00127,2026-07-27,2026-07,VEH002,DRV027,CUS026,Bengaluru,Hyderabad,587.1,In Transit,25937.0,33335.33,-7398.33,-28.52,56.78
TRP00128,2025-06-24,2025-06,VEH004,DRV030,CUS022,Nashik,Aurangabad,214.5,Delivered,14687.0,15771.550000000001,-1084.55,-7.38,73.53
TRP00129,2026-01-18,2026-01,VEH011,DRV006,CUS047,Bengaluru,Indore,1233.0,Delivered,43975.0,41716.43,2258.57,5.14,33.83
TRP00130,2025-06-30,2025-06,VEH013,DRV027,CUS028,Bengaluru,Chennai,345.7,Delivered,18310.0,17002.89,1307.11,7.14,49.18
TRP00131,2026-02-10,2026-02,VEH015,DRV025,CUS018,Nagpur,Hyderabad,513.9,Delivered,40695.0,22228.61,18466.39,45.38,43.25
TRP00132,2025-06-07,2025-06,VEH006,DRV013,CUS044,Chennai,Bengaluru,359.2,Delayed,12359.0,27703.74,-15344.74,-124.16,77.13
TRP00133,2026-06-04,2026-06,VEH005,DRV016,CUS010,Bengaluru,Indore,1222.2,Delivered,104000.0,45040.399999999994,58959.6,56.69,36.85
TRP00134,2025-06-01,2025-06,VEH020,DRV028,CUS006,Hyderabad,Chennai,641.4,Delivered,47769.0,21841.15,25927.85,54.28,34.05
TRP00135,2025-05-11,2025-05,VEH011,DRV028,CUS034,Ahmedabad,Delhi,937.1,Delivered,35409.0,37806.16,-2397.16,-6.77,40.34
TRP00136,2026-07-23,2026-07,VEH017,DRV014,CUS030,Aurangabad,Indore,463.2,In Transit,24553.0,15712.7,8840.3,36.0,33.92
TRP00137,2025-04-18,2025-04,VEH019,DRV003,CUS003,Ahmedabad,Jaipur,643.6,Cancelled,1175.0,620.95,554.05,47.15,0.96
TRP00138,2026-02-28,2026-02,VEH005,DRV025,CUS042,Ahmedabad,Indore,421.7,Delivered,33561.0,26058.920000000002,7502.08,22.35,61.79
TRP00139,2026-07-23,2026-07,VEH006,DRV018,CUS026,Hyderabad,Chennai,655.2,In Transit,24688.0,23632.34,1055.66,4.28,36.07
TRP00140,2025-06-02,2025-06,VEH014,DRV018,CUS025,Pune,Bengaluru,838.1,Delivered,64418.0,40620.11,23797.89,36.94,48.47
TRP00141,2025-03-28,2025-03,VEH001,DRV008,CUS014,Mumbai,Indore,569.0,Delivered,19653.0,22412.71,-2759.71,-14.04,39.39
TRP00142,2025-12-30,2025-12,VEH007,DRV025,CUS050,Mumbai,Ahmedabad,556.2,Delivered,26955.0,22992.47,3962.53,14.7,41.34
TRP00143,2025-08-05,2025-08,VEH017,DRV008,CUS027,Nashik,Indore,405.8,Delivered,18539.0,15416.919999999998,3122.08,16.84,37.99
TRP00144,2025-07-09,2025-07,VEH012,DRV021,CUS043,Ahmedabad,Surat,263.8,Delivered,13287.0,32275.61,-18988.61,-142.91,122.35
TRP00145,2026-04-09,2026-04,VEH008,DRV010,CUS046,Delhi,Mumbai,1460.5,Delivered,81815.0,52218.73,29596.27,36.17,35.75
TRP00146,2025-08-21,2025-08,VEH011,DRV021,CUS006,Delhi,Ahmedabad,928.5,Delayed,35024.0,38400.47,-3376.47,-9.64,41.36
TRP00147,2026-01-13,2026-01,VEH003,DRV007,CUS049,Ahmedabad,Nashik,466.8,Delivered,24748.0,32522.37,-7774.37,-31.41,69.67
TRP00148,2026-03-20,2026-03,VEH004,DRV024,CUS049,Hyderabad,Indore,718.0,Delayed,45938.0,29721.32,16216.68,35.3,41.39
TRP00149,2026-07-30,2026-07,VEH015,DRV018,CUS042,Nagpur,Indore,434.5,In Transit,36268.0,37419.59,-1151.59,-3.18,86.12
TRP00150,2026-07-25,2026-07,VEH011,DRV030,CUS014,Nagpur,Aurangabad,486.8,In Transit,17924.0,24443.98,-6519.98,-36.38,50.21
TRP00151,2026-07-30,2026-07,VEH014,DRV010,CUS010,Pune,Aurangabad,235.1,In Transit,17498.0,9600.88,7897.12,45.13,40.84
TRP00152,2025-06-30,2025-06,VEH016,DRV024,CUS042,Bengaluru,Hyderabad,586.3,Delivered,21634.0,22491.06,-857.06,-3.96,38.36
TRP00153,2026-04-05,2026-04,VEH002,DRV017,CUS003,Indore,Mumbai,598.7,Delayed,28147.0,32148.5,-4001.5,-14.22,53.7
TRP00154,2026-06-16,2026-06,VEH001,DRV007,CUS033,Indore,Bengaluru,1223.3,Delayed,41050.0,46602.55,-5552.55,-13.53,38.1
TRP00155,2026-04-23,2026-04,VEH001,DRV001,CUS034,Indore,Pune,585.8,Delivered,18726.0,22216.34,-3490.34,-18.64,37.92
TRP00156,2026-07-24,2026-07,VEH005,DRV008,CUS013,Hyderabad,Chennai,624.0,In Transit,49108.0,22374.44,26733.56,54.44,35.86
TRP00157,2025-05-13,2025-05,VEH008,DRV010,CUS044,Nagpur,Mumbai,862.1,Delayed,48201.0,32790.36,15410.64,31.97,38.04
TRP00158,2026-08-01,2026-08,VEH001,DRV023,CUS011,Mumbai,Nagpur,833.9,In Transit,35053.0,46609.36,-11556.36,-32.97,55.89
TRP00159,2025-11-21,2025-11,VEH002,DRV008,CUS014,Aurangabad,Indore,447.9,Delivered,21278.0,20281.67,996.33,4.68,45.28
TRP00160,2025-04-26,2025-04,VEH001,DRV007,CUS038,Delhi,Mumbai,1437.8,Delivered,55966.0,54668.36,1297.64,2.32,38.02
TRP00161,2026-01-27,2026-01,VEH018,DRV011,CUS025,Hyderabad,Mumbai,727.9,Delivered,37239.0,31735.05,5503.95,14.78,43.6
TRP00162,2026-05-14,2026-05,VEH020,DRV025,CUS040,Indore,Surat,398.4,Delayed,30599.0,20578.489999999998,10020.51,32.75,51.65
TRP00163,2026-07-24,2026-07,VEH006,DRV022,CUS038,Surat,Ahmedabad,270.2,In Transit,9596.0,13611.39,-4015.39,-41.84,50.38
TRP00164,2026-05-08,2026-05,VEH005,DRV024,CUS025,Nashik,Surat,263.9,Cancelled,534.0,0,534.0,100.0,0.0
TRP00165,2025-05-13,2025-05,VEH015,DRV018,CUS036,Bengaluru,Chennai,335.4,Delivered,25618.0,21890.989999999998,3727.01,14.55,65.27
TRP00166,2025-10-13,2025-10,VEH014,DRV013,CUS050,Nagpur,Mumbai,842.3,Cancelled,1152.0,464.43,687.57,59.68,0.55
TRP00167,2026-06-17,2026-06,VEH010,DRV009,CUS032,Mumbai,Delhi,1406.7,Delivered,103697.0,45677.04,58019.96,55.95,32.47
TRP00168,2026-03-19,2026-03,VEH016,DRV020,CUS040,Pune,Aurangabad,230.5,Delivered,8785.0,15526.64,-6741.64,-76.74,67.36
TRP00169,2026-06-12,2026-06,VEH011,DRV014,CUS042,Mumbai,Hyderabad,723.0,Delayed,27402.0,27178.5,223.5,0.82,37.59
TRP00170,2025-06-03,2025-06,VEH016,DRV019,CUS016,Nashik,Surat,279.5,Delivered,10596.0,20008.149999999998,-9412.15,-88.83,71.59
TRP00171,2026-07-24,2026-07,VEH018,DRV001,CUS047,Bengaluru,Indore,1184.1,In Transit,70277.0,37852.16,32424.84,46.14,31.97
TRP00172,2026-02-28,2026-02,VEH016,DRV005,CUS041,Nashik,Indore,409.1,Delayed,14876.0,18758.45,-3882.45,-26.1,45.85
TRP00173,2025-05-05,2025-05,VEH017,DRV030,CUS045,Indore,Ahmedabad,418.5,Delivered,20400.0,22873.739999999998,-2473.74,-12.13,54.66
TRP00174,2026-07-24,2026-07,VEH020,DRV002,CUS037,Indore,Surat,398.6,In Transit,29634.0,17195.23,12438.77,41.97,43.14
TRP00175,2026-07-04,2026-07,VEH017,DRV018,CUS038,Aurangabad,Indore,460.0,Delivered,21554.0,15827.949999999999,5726.05,26.57,34.41
TRP00176,2026-07-31,2026-07,VEH003,DRV004,CUS047,Mumbai,Delhi,1396.4,In Transit,80568.0,43944.23,36623.77,45.46,31.47
TRP00177,2026-01-24,2026-01,VEH015,DRV011,CUS005,Nashik,Indore,410.7,Delivered,35350.0,18301.8,17048.2,48.23,44.56
TRP00178,2026-03-28,2026-03,VEH017,DRV006,CUS036,Mumbai,Jaipur,1159.7,Delivered,57014.0,41826.65,15187.35,26.64,36.07
TRP00179,2025-09-14,2025-09,VEH001,DRV024,CUS040,Pune,Aurangabad,236.0,Delivered,9140.0,12339.25,-3199.25,-35.0,52.28
TRP00180,2026-06-23,2026-06,VEH018,DRV006,CUS024,Nashik,Surat,264.4,Delayed,14397.0,12048.07,2348.93,16.32,45.57
TRP00181,2025-12-08,2025-12,VEH013,DRV019,CUS008,Nagpur,Indore,437.9,Delivered,25855.0,18801.65,7053.35,27.28,42.94
TRP00182,2025-06-28,2025-06,VEH008,DRV010,CUS008,Pune,Nashik,206.1,Delivered,11773.0,25324.0,-13551.0,-115.1,122.87
TRP00183,2026-08-01,2026-08,VEH006,DRV018,CUS011,Bengaluru,Hyderabad,561.4,In Transit,18663.0,25915.53,-7252.53,-38.86,46.16
TRP00184,2026-04-08,2026-04,VEH005,DRV007,CUS025,Hyderabad,Aurangabad,504.8,Delayed,37494.0,20172.850000000002,17321.15,46.2,39.96
TRP00185,2025-07-29,2025-07,VEH001,DRV026,CUS049,Pune,Bengaluru,833.3,Delivered,29023.0,31013.39,-1990.39,-6.86,37.22
TRP00186,2026-07-23,2026-07,VEH004,DRV009,CUS050,Jaipur,Delhi,279.8,In Transit,18103.0,23490.739999999998,-5387.74,-29.76,83.96
TRP00187,2026-01-29,2026-01,VEH014,DRV004,CUS048,Pune,Hyderabad,588.0,Delivered,44207.0,24486.97,19720.03,44.61,41.64
TRP00188,2026-04-21,2026-04,VEH008,DRV007,CUS048,Ahmedabad,Nashik,477.9,Delivered,31083.0,22760.850000000002,8322.15,26.77,47.63
TRP00189,2025-12-03,2025-12,VEH002,DRV019,CUS023,Delhi,Jaipur,283.7,Delivered,14713.0,16594.64,-1881.64,-12.79,58.49
TRP00190,2026-07-25,2026-07,VEH004,DRV005,CUS049,Indore,Ahmedabad,425.0,In Transit,25740.0,19964.64,5775.36,22.44,46.98
TRP00191,2026-04-07,2026-04,VEH011,DRV027,CUS016,Surat,Indore,406.5,Delivered,15834.0,18479.23,-2645.23,-16.71,45.46
TRP00192,2026-06-21,2026-06,VEH003,DRV013,CUS033,Indore,Pune,613.7,Delivered,40122.0,23805.5,16316.5,40.67,38.79
TRP00193,2026-04-22,2026-04,VEH003,DRV024,CUS030,Indore,Nagpur,449.6,Delivered,26440.0,26836.46,-396.46,-1.5,59.69
TRP00194,2025-03-28,2025-03,VEH011,DRV018,CUS037,Hyderabad,Mumbai,716.3,Delivered,25013.0,25019.32,-6.32,-0.03,34.93
TRP00195,2025-06-22,2025-06,VEH006,DRV015,CUS030,Pune,Mumbai,150.6,Cancelled,740.0,0,740.0,100.0,0.0
TRP00196,2025-04-01,2025-04,VEH003,DRV021,CUS024,Pune,Nagpur,716.2,Delayed,45145.0,31746.62,13398.38,29.68,44.33
TRP00197,2025-09-26,2025-09,VEH014,DRV021,CUS006,Mumbai,Aurangabad,337.7,Delivered,22542.0,22656.83,-114.83,-0.51,67.09
TRP00198,2025-05-22,2025-05,VEH004,DRV028,CUS028,Mumbai,Hyderabad,701.7,Delivered,48248.0,30740.52,17507.48,36.29,43.81
TRP00199,2025-07-25,2025-07,VEH005,DRV021,CUS044,Mumbai,Delhi,1421.1,Delivered,109296.0,56615.479999999996,52680.52,48.2,39.84
TRP00200,2025-06-13,2025-06,VEH014,DRV020,CUS044,Delhi,Ahmedabad,928.1,Delivered,63423.0,37301.88,26121.12,41.19,40.19
TRP00201,2025-11-25,2025-11,VEH005,DRV008,CUS018,Mumbai,Nagpur,845.0,Delayed,64537.0,27892.69,36644.31,56.78,33.01
TRP00202,2025-10-10,2025-10,VEH010,DRV007,CUS034,Bengaluru,Chennai,345.5,Delayed,26932.0,21460.53,5471.47,20.32,62.11
TRP00203,2026-08-01,2026-08,VEH003,DRV017,CUS001,Aurangabad,Nagpur,490.3,In Transit,27513.0,22083.07,5429.93,19.74,45.04
TRP00204,2025-04-09,2025-04,VEH016,DRV025,CUS005,Nashik,Mumbai,160.2,Delivered,6052.0,11901.949999999999,-5849.95,-96.66,74.29
TRP00205,2025-07-13,2025-07,VEH017,DRV025,CUS027,Jaipur,Ahmedabad,644.6,Delivered,30681.0,28389.43,2291.57,7.47,44.04
TRP00206,2025-04-15,2025-04,VEH005,DRV018,CUS021,Indore,Surat,412.4,Delayed,35731.0,27432.370000000003,8298.63,23.23,66.52
TRP00207,2025-08-05,2025-08,VEH002,DRV008,CUS006,Ahmedabad,Jaipur,672.5,Delivered,31728.0,29018.54,2709.46,8.54,43.15
TRP00208,2026-07-27,2026-07,VEH012,DRV017,CUS034,Pune,Nagpur,686.1,In Transit,32760.0,37193.53,-4433.53,-13.53,54.21
TRP00209,2025-04-26,2025-04,VEH011,DRV026,CUS028,Indore,Pune,584.7,Cancelled,2543.0,731.39,1811.61,71.24,1.25
TRP00210,2025-06-05,2025-06,VEH006,DRV012,CUS011,Nagpur,Pune,729.1,Delayed,25655.0,20942.36,4712.64,18.37,28.72
TRP00211,2025-03-15,2025-03,VEH001,DRV008,CUS003,Indore,Hyderabad,730.5,Delivered,24453.0,30734.51,-6281.51,-25.69,42.07
TRP00212,2026-07-25,2026-07,VEH011,DRV009,CUS005,Aurangabad,Indore,464.7,In Transit,15673.0,18322.440000000002,-2649.44,-16.9,39.43
TRP00213,2026-05-20,2026-05,VEH013,DRV003,CUS030,Aurangabad,Nashik,208.9,Delivered,12360.0,13674.45,-1314.45,-10.63,65.46
TRP00214,2025-08-26,2025-08,VEH020,DRV008,CUS030,Aurangabad,Nagpur,504.7,Delayed,39381.0,28980.39,10400.61,26.41,57.42
TRP00215,2026-07-23,2026-07,VEH001,DRV030,CUS027,Mumbai,Nashik,164.6,In Transit,5602.0,10204.37,-4602.37,-82.16,61.99
TRP00216,2025-07-02,2025-07,VEH010,DRV004,CUS014,Chennai,Hyderabad,627.2,Cancelled,6661.0,462.89,6198.11,93.05,0.74
TRP00217,2026-07-09,2026-07,VEH017,DRV014,CUS045,Nagpur,Aurangabad,514.9,Delivered,23296.0,24371.16,-1075.16,-4.62,47.33
TRP00218,2026-03-16,2026-03,VEH014,DRV022,CUS009,Pune,Hyderabad,581.3,Cancelled,1701.0,0,1701.0,100.0,0.0
TRP00219,2025-12-25,2025-12,VEH003,DRV007,CUS009,Nashik,Ahmedabad,450.1,Delivered,27225.0,17017.88,10207.12,37.49,37.81
TRP00220,2025-03-20,2025-03,VEH010,DRV015,CUS017,Mumbai,Bengaluru,1019.1,Delivered,78903.0,36812.4,42090.6,53.34,36.12
TRP00221,2025-03-10,2025-03,VEH012,DRV013,CUS033,Ahmedabad,Mumbai,525.1,Cancelled,2246.0,0,2246.0,100.0,0.0
TRP00222,2026-07-26,2026-07,VEH004,DRV015,CUS007,Mumbai,Hyderabad,692.2,In Transit,48869.0,26259.45,22609.55,46.27,37.94
TRP00223,2025-08-28,2025-08,VEH003,DRV019,CUS038,Nagpur,Pune,683.2,Cancelled,5078.0,0,5078.0,100.0,0.0
TRP00224,2026-03-18,2026-03,VEH011,DRV004,CUS003,Indore,Bengaluru,1252.7,Delivered,44397.0,46709.04,-2312.04,-5.21,37.29
TRP00225,2025-10-16,2025-10,VEH007,DRV030,CUS012,Pune,Indore,614.0,Delivered,29337.0,22704.7,6632.3,22.61,36.98
TRP00226,2026-07-31,2026-07,VEH002,DRV003,CUS018,Surat,Ahmedabad,261.3,In Transit,13702.0,14077.25,-375.25,-2.74,53.87
TRP00227,2026-07-06,2026-07,VEH001,DRV013,CUS046,Nagpur,Indore,449.1,Delivered,15065.0,20763.579999999998,-5698.58,-37.83,46.23
TRP00228,2025-10-03,2025-10,VEH008,DRV001,CUS050,Pune,Indore,619.1,Delivered,33746.0,31556.43,2189.57,6.49,50.97
TRP00229,2026-03-11,2026-03,VEH018,DRV027,CUS048,Ahmedabad,Mumbai,554.3,Delivered,30330.0,36732.8,-6402.8,-21.11,66.27
TRP00230,2025-07-02,2025-07,VEH012,DRV030,CUS038,Nashik,Mumbai,164.7,Delivered,8828.0,11460.28,-2632.28,-29.82,69.58
TRP00231,2025-09-19,2025-09,VEH016,DRV018,CUS020,Pune,Nashik,205.2,Delivered,7333.0,24575.6,-17242.6,-235.14,119.76
TRP00232,2026-07-28,2026-07,VEH007,DRV026,CUS009,Hyderabad,Nagpur,521.8,In Transit,24277.0,18623.96,5653.04,23.29,35.69
TRP00233,2026-03-19,2026-03,VEH005,DRV025,CUS008,Chennai,Hyderabad,654.3,Delivered,47395.0,23793.75,23601.25,49.8,36.37
TRP00234,2026-02-07,2026-02,VEH006,DRV024,CUS028,Hyderabad,Bengaluru,560.8,Cancelled,918.0,0,918.0,100.0,0.0
TRP00235,2025-03-12,2025-03,VEH010,DRV005,CUS012,Pune,Mumbai,156.9,Delivered,14409.0,13738.42,670.58,4.65,87.56
TRP00236,2025-10-08,2025-10,VEH008,DRV021,CUS037,Aurangabad,Mumbai,328.7,Delayed,19386.0,29915.94,-10529.94,-54.32,91.01
TRP00237,2025-04-17,2025-04,VEH003,DRV027,CUS046,Nagpur,Hyderabad,495.6,Delivered,28097.0,22371.38,5725.62,20.38,45.14
TRP00238,2026-02-26,2026-02,VEH015,DRV024,CUS027,Jaipur,Mumbai,1165.9,Delivered,95790.0,34934.64,60855.36,63.53,29.96
TRP00239,2025-11-01,2025-11,VEH008,DRV006,CUS029,Indore,Mumbai,569.0,Delivered,34648.0,20308.11,14339.89,41.39,35.69
TRP00240,2026-06-16,2026-06,VEH006,DRV024,CUS005,Hyderabad,Aurangabad,524.1,Delivered,19793.0,30252.51,-10459.51,-52.84,57.72
TRP00241,2025-11-05,2025-11,VEH014,DRV006,CUS004,Mumbai,Aurangabad,351.1,Delivered,22192.0,17407.54,4784.46,21.56,49.58
TRP00242,2026-06-13,2026-06,VEH019,DRV018,CUS032,Mumbai,Delhi,1358.4,Delivered,92316.0,63127.67999999999,29188.32,31.62,46.47
TRP00243,2026-07-27,2026-07,VEH003,DRV016,CUS008,Indore,Nashik,403.1,In Transit,22653.0,26306.52,-3653.52,-16.13,65.26
TRP00244,2025-11-09,2025-11,VEH013,DRV012,CUS012,Ahmedabad,Delhi,954.9,Delivered,60188.0,39162.71,21025.29,34.93,41.01
TRP00245,2025-04-10,2025-04,VEH003,DRV022,CUS023,Delhi,Jaipur,288.5,Delivered,18732.0,21947.79,-3215.79,-17.17,76.08
TRP00246,2026-07-23,2026-07,VEH016,DRV019,CUS016,Indore,Hyderabad,701.1,In Transit,29083.0,25429.440000000002,3653.56,12.56,36.27
TRP00247,2025-08-23,2025-08,VEH020,DRV005,CUS008,Ahmedabad,Delhi,996.3,Cancelled,5331.0,0,5331.0,100.0,0.0
TRP00248,2026-07-24,2026-07,VEH005,DRV027,CUS039,Pune,Nagpur,719.7,In Transit,54593.0,27715.550000000003,26877.45,49.23,38.51
TRP00249,2026-04-12,2026-04,VEH009,DRV017,CUS030,Pune,Mumbai,153.0,Delivered,10213.0,26110.84,-15897.84,-155.66,170.66
TRP00250,2026-07-28,2026-07,VEH004,DRV030,CUS007,Indore,Aurangabad,475.1,In Transit,31778.0,28547.22,3230.78,10.17,60.09
TRP00251,2026-03-25,2026-03,VEH019,DRV020,CUS031,Mumbai,Surat,285.6,Delivered,19321.0,27677.239999999998,-8356.24,-43.25,96.91
TRP00252,2025-11-21,2025-11,VEH016,DRV030,CUS018,Nagpur,Aurangabad,517.7,Delivered,19993.0,22419.29,-2426.29,-12.14,43.31
TRP00253,2025-08-18,2025-08,VEH010,DRV024,CUS029,Nashik,Surat,270.9,Delayed,23458.0,14956.73,8501.27,36.24,55.21
TRP00254,2026-03-27,2026-03,VEH012,DRV027,CUS004,Chennai,Bengaluru,336.5,Delayed,16177.0,20286.59,-4109.59,-25.4,60.29
TRP00255,2025-08-29,2025-08,VEH007,DRV029,CUS013,Mumbai,Ahmedabad,533.5,Cancelled,2592.0,0,2592.0,100.0,0.0
TRP00256,2026-06-07,2026-06,VEH004,DRV022,CUS002,Pune,Hyderabad,569.8,Delivered,39670.0,23749.53,15920.47,40.13,41.68
TRP00257,2025-09-14,2025-09,VEH009,DRV024,CUS045,Mumbai,Nagpur,830.8,Delivered,58015.0,30791.58,27223.42,46.92,37.06
TRP00258,2025-02-15,2025-02,VEH014,DRV017,CUS002,Mumbai,Pune,147.1,Delivered,11134.0,27669.89,-16535.89,-148.52,188.1
TRP00259,2026-03-20,2026-03,VEH009,DRV014,CUS025,Nagpur,Indore,429.5,Delivered,30900.0,20194.07,10705.93,34.65,47.02
TRP00260,2025-11-17,2025-11,VEH012,DRV018,CUS042,Nashik,Aurangabad,205.5,Delivered,9816.0,13295.04,-3479.04,-35.44,64.7
TRP00261,2026-08-01,2026-08,VEH010,DRV007,CUS010,Chennai,Hyderabad,651.2,In Transit,47814.0,24568.08,23245.92,48.62,37.73
TRP00262,2025-03-15,2025-03,VEH001,DRV021,CUS032,Nashik,Aurangabad,210.7,Delivered,7723.0,30855.690000000002,-23132.69,-299.53,146.44
TRP00263,2026-07-31,2026-07,VEH018,DRV021,CUS031,Indore,Nagpur,451.4,In Transit,22709.0,20487.16,2221.84,9.78,45.39
TRP00264,2025-09-22,2025-09,VEH009,DRV024,CUS036,Nashik,Pune,218.8,Delayed,16133.0,15721.29,411.71,2.55,71.85
TRP00265,2025-04-20,2025-04,VEH011,DRV012,CUS017,Nashik,Ahmedabad,477.5,Delivered,18128.0,19248.75,-1120.75,-6.18,40.31
TRP00266,2025-08-31,2025-08,VEH013,DRV017,CUS020,Ahmedabad,Indore,420.5,Delivered,24478.0,17810.71,6667.29,27.24,42.36
TRP00267,2025-04-07,2025-04,VEH006,DRV025,CUS006,Bengaluru,Hyderabad,597.9,Delivered,21649.0,23250.399999999998,-1601.4,-7.4,38.89
TRP00268,2026-04-27,2026-04,VEH019,DRV025,CUS011,Hyderabad,Bengaluru,588.5,Delivered,40638.0,26914.18,13723.82,33.77,45.73
TRP00269,2026-07-31,2026-07,VEH001,DRV002,CUS035,Aurangabad,Pune,245.8,In Transit,9454.0,14779.720000000001,-5325.72,-56.33,60.13
TRP00270,2025-12-17,2025-12,VEH008,DRV008,CUS045,Nagpur,Indore,425.5,Delivered,23582.0,21739.239999999998,1842.76,7.81,51.09
TRP00271,2026-06-23,2026-06,VEH017,DRV020,CUS034,Nagpur,Hyderabad,512.5,Delivered,24747.0,18988.01,5758.99,23.27,37.05
TRP00272,2026-07-08,2026-07,VEH013,DRV001,CUS015,Bengaluru,Pune,823.6,Delayed,52474.0,29852.579999999998,22621.42,43.11,36.25
TRP00273,2025-03-28,2025-03,VEH013,DRV029,CUS041,Nagpur,Pune,713.9,Delivered,36590.0,29012.4,7577.6,20.71,40.64
TRP00274,2025-02-16,2025-02,VEH015,DRV013,CUS008,Aurangabad,Hyderabad,513.1,Delivered,39428.0,19826.09,19601.91,49.72,38.64
TRP00275,2025-06-07,2025-06,VEH020,DRV023,CUS009,Indore,Ahmedabad,396.2,Delayed,31187.0,15927.4,15259.6,48.93,40.2
TRP00276,2026-06-30,2026-06,VEH009,DRV027,CUS034,Pune,Aurangabad,235.7,Delivered,14883.0,30161.7,-15278.7,-102.66,127.97
TRP00277,2026-07-15,2026-07,VEH003,DRV030,CUS008,Indore,Aurangabad,451.7,Delivered,28865.0,27857.73,1007.27,3.49,61.67
TRP00278,2026-07-27,2026-07,VEH015,DRV010,CUS017,Indore,Bengaluru,1242.1,In Transit,97940.0,47818.950000000004,50121.05,51.18,38.5
TRP00279,2026-01-09,2026-01,VEH004,DRV004,CUS049,Mumbai,Surat,279.6,Delayed,19848.0,12840.35,7007.65,35.31,45.92
TRP00280,2026-03-08,2026-03,VEH003,DRV012,CUS022,Pune,Nashik,210.4,Delivered,13225.0,13096.09,128.91,0.97,62.24
TRP00281,2026-06-16,2026-06,VEH006,DRV004,CUS009,Ahmedabad,Mumbai,549.9,Delivered,18706.0,20610.84,-1904.84,-10.18,37.48
TRP00282,2026-07-30,2026-07,VEH012,DRV020,CUS002,Mumbai,Hyderabad,716.4,In Transit,32295.0,40042.28,-7747.28,-23.99,55.89
TRP00283,2026-01-19,2026-01,VEH017,DRV025,CUS048,Indore,Aurangabad,454.4,Cancelled,1503.0,0,1503.0,100.0,0.0
TRP00284,2026-08-01,2026-08,VEH008,DRV016,CUS023,Surat,Ahmedabad,274.6,In Transit,15839.0,13364.13,2474.87,15.63,48.67
TRP00285,2025-11-18,2025-11,VEH016,DRV028,CUS032,Mumbai,Jaipur,1165.8,Delivered,42802.0,41065.909999999996,1736.09,4.06,35.23
TRP00286,2026-07-30,2026-07,VEH008,DRV003,CUS030,Delhi,Ahmedabad,955.6,In Transit,63556.0,39574.53,23981.47,37.73,41.41
TRP00287,2026-08-01,2026-08,VEH001,DRV004,CUS026,Ahmedabad,Indore,410.6,In Transit,16278.0,18660.190000000002,-2382.19,-14.63,45.45
TRP00288,2025-09-23,2025-09,VEH018,DRV007,CUS042,Bengaluru,Indore,1198.9,Delivered,70520.0,45088.21000000001,25431.79,36.06,37.61
TRP00289,2025-09-22,2025-09,VEH016,DRV023,CUS043,Aurangabad,Nagpur,489.6,Delayed,20528.0,21572.61,-1044.61,-5.09,44.06
TRP00290,2025-06-30,2025-06,VEH010,DRV018,CUS034,Aurangabad,Nagpur,486.8,Delivered,36866.0,33863.51,3002.49,8.14,69.56
TRP00291,2025-05-28,2025-05,VEH007,DRV004,CUS026,Pune,Surat,449.1,Delayed,24423.0,24425.17,-2.17,-0.01,54.39
TRP00292,2026-07-02,2026-07,VEH019,DRV004,CUS050,Ahmedabad,Delhi,966.3,Delivered,67718.0,32291.64,35426.36,52.31,33.42
TRP00293,2026-07-24,2026-07,VEH019,DRV016,CUS033,Nashik,Pune,206.6,In Transit,15565.0,23514.52,-7949.52,-51.07,113.82
TRP00294,2025-11-14,2025-11,VEH017,DRV029,CUS025,Indore,Ahmedabad,422.5,Delayed,22024.0,31954.85,-9930.85,-45.09,75.63
TRP00295,2026-07-31,2026-07,VEH005,DRV005,CUS027,Bengaluru,Chennai,354.0,In Transit,27070.0,18468.29,8601.71,31.78,52.17
TRP00296,2026-07-07,2026-07,VEH010,DRV022,CUS023,Hyderabad,Mumbai,725.6,Cancelled,6996.0,617.47,6378.53,91.17,0.85
TRP00297,2025-11-26,2025-11,VEH018,DRV016,CUS038,Indore,Aurangabad,472.3,Delayed,28563.0,18285.81,10277.19,35.98,38.72
TRP00298,2025-07-21,2025-07,VEH001,DRV013,CUS010,Ahmedabad,Mumbai,522.6,Delayed,19160.0,22318.96,-3158.96,-16.49,42.71
TRP00299,2025-09-24,2025-09,VEH010,DRV007,CUS049,Delhi,Jaipur,289.8,Delivered,23049.0,28358.17,-5309.17,-23.03,97.85
TRP00300,2025-12-24,2025-12,VEH010,DRV023,CUS043,Ahmedabad,Mumbai,530.5,Cancelled,1235.0,0,1235.0,100.0,0.0
TRP00301,2025-08-24,2025-08,VEH015,DRV027,CUS015,Aurangabad,Nagpur,506.9,Delivered,39868.0,18927.23,20940.77,52.53,37.34
TRP00302,2025-06-20,2025-06,VEH006,DRV024,CUS033,Mumbai,Bengaluru,989.2,Delivered,32928.0,35593.06,-2665.06,-8.09,35.98
TRP00303,2025-12-12,2025-12,VEH005,DRV002,CUS010,Surat,Nashik,278.6,Delayed,20885.0,15970.19,4914.81,23.53,57.32
TRP00304,2026-03-27,2026-03,VEH011,DRV017,CUS015,Nashik,Pune,216.9,Delivered,8558.0,11091.220000000001,-2533.22,-29.6,51.14
TRP00305,2025-02-16,2025-02,VEH011,DRV012,CUS019,Surat,Pune,443.5,Delivered,16755.0,19885.21,-3130.21,-18.68,44.84
TRP00306,2025-06-03,2025-06,VEH020,DRV030,CUS040,Hyderabad,Pune,573.8,Delivered,40868.0,24405.83,16462.17,40.28,42.53
TRP00307,2026-01-01,2026-01,VEH012,DRV017,CUS033,Ahmedabad,Delhi,944.0,Delayed,45851.0,31793.52,14057.48,30.66,33.68
TRP00308,2026-04-17,2026-04,VEH018,DRV018,CUS001,Mumbai,Indore,596.9,Delivered,35392.0,28445.58,6946.42,19.63,47.66
TRP00309,2025-04-23,2025-04,VEH014,DRV021,CUS005,Mumbai,Delhi,1438.3,Delivered,104052.0,43558.09,60493.91,58.14,30.28
TRP00310,2025-02-24,2025-02,VEH008,DRV030,CUS017,Ahmedabad,Indore,413.3,Delivered,25147.0,17587.16,7559.84,30.06,42.55
TRP00311,2026-07-06,2026-07,VEH020,DRV003,CUS049,Nashik,Ahmedabad,477.4,Delivered,36490.0,33016.909999999996,3473.09,9.52,69.16
TRP00312,2026-03-14,2026-03,VEH015,DRV013,CUS026,Mumbai,Nashik,167.1,Delivered,13235.0,9978.2,3256.8,24.61,59.71
TRP00313,2026-03-17,2026-03,VEH012,DRV001,CUS036,Aurangabad,Hyderabad,486.7,Delivered,23559.0,22123.53,1435.47,6.09,45.46
TRP00314,2025-10-23,2025-10,VEH012,DRV007,CUS027,Bengaluru,Chennai,339.7,Delivered,17100.0,20639.08,-3539.08,-20.7,60.76
TRP00315,2025-04-16,2025-04,VEH002,DRV028,CUS049,Aurangabad,Hyderabad,507.0,Delivered,25214.0,29214.079999999998,-4000.08,-15.86,57.62
TRP00316,2026-07-28,2026-07,VEH011,DRV012,CUS009,Pune,Hyderabad,571.0,In Transit,20392.0,23906.78,-3514.78,-17.24,41.87
TRP00317,2025-02-11,2025-02,VEH019,DRV005,CUS037,Aurangabad,Indore,457.8,Delivered,33962.0,17850.57,16111.43,47.44,38.99
TRP00318,2026-05-09,2026-05,VEH009,DRV027,CUS024,Hyderabad,Mumbai,707.5,Delivered,46676.0,30437.09,16238.91,34.79,43.02
TRP00319,2025-04-26,2025-04,VEH020,DRV003,CUS018,Hyderabad,Mumbai,699.9,Delayed,58686.0,31907.519999999997,26778.48,45.63,45.59
TRP00320,2026-06-05,2026-06,VEH019,DRV019,CUS026,Nashik,Ahmedabad,447.5,Delivered,29422.0,19305.22,10116.78,34.39,43.14
TRP00321,2026-07-06,2026-07,VEH019,DRV024,CUS019,Mumbai,Hyderabad,717.7,Delivered,55732.0,26298.55,29433.45,52.81,36.64
TRP00322,2025-07-06,2025-07,VEH020,DRV022,CUS011,Bengaluru,Chennai,339.0,Delivered,26397.0,18650.31,7746.69,29.35,55.02
TRP00323,2026-02-11,2026-02,VEH016,DRV008,CUS005,Pune,Nagpur,681.4,Delivered,25172.0,44972.16,-19800.16,-78.66,66.0
TRP00324,2025-08-04,2025-08,VEH011,DRV004,CUS046,Chennai,Hyderabad,619.9,Delayed,22273.0,36494.5,-14221.5,-63.85,58.87
TRP00325,2026-01-26,2026-01,VEH003,DRV017,CUS017,Ahmedabad,Surat,261.8,Delivered,15157.0,22993.1,-7836.1,-51.7,87.83
TRP00326,2025-08-17,2025-08,VEH005,DRV015,CUS011,Pune,Bengaluru,858.0,Delivered,69056.0,29357.99,39698.01,57.49,34.22
TRP00327,2026-04-03,2026-04,VEH011,DRV024,CUS008,Hyderabad,Indore,705.8,Delivered,24026.0,26703.51,-2677.51,-11.14,37.83
TRP00328,2025-08-10,2025-08,VEH005,DRV021,CUS033,Surat,Mumbai,279.8,Delivered,22774.0,21548.4,1225.6,5.38,77.01
TRP00329,2026-06-04,2026-06,VEH001,DRV029,CUS047,Aurangabad,Nashik,207.3,Delivered,7104.0,12124.25,-5020.25,-70.67,58.49
TRP00330,2026-01-23,2026-01,VEH005,DRV026,CUS038,Nashik,Pune,212.3,Delivered,15761.0,12900.31,2860.69,18.15,60.76
TRP00331,2025-07-10,2025-07,VEH004,DRV001,CUS013,Chennai,Hyderabad,631.5,Delivered,43586.0,30424.56,13161.44,30.2,48.18
TRP00332,2025-02-08,2025-02,VEH002,DRV029,CUS035,Chennai,Bengaluru,337.2,Delayed,16636.0,18816.489999999998,-2180.49,-13.11,55.8
TRP00333,2026-03-04,2026-03,VEH012,DRV028,CUS003,Hyderabad,Chennai,653.2,Delivered,30066.0,30482.66,-416.66,-1.39,46.67
TRP00334,2025-02-12,2025-02,VEH008,DRV030,CUS006,Aurangabad,Nashik,212.8,Delivered,12065.0,29687.85,-17622.85,-146.07,139.51
TRP00335,2025-07-15,2025-07,VEH001,DRV013,CUS042,Surat,Pune,432.9,Delivered,15231.0,24791.260000000002,-9560.26,-62.77,57.27
TRP00336,2026-06-16,2026-06,VEH019,DRV012,CUS040,Indore,Pune,591.1,Delivered,38584.0,26941.33,11642.67,30.17,45.58
TRP00337,2025-09-30,2025-09,VEH012,DRV025,CUS046,Indore,Surat,415.4,Delayed,20429.0,19243.93,1185.07,5.8,46.33
TRP00338,2026-03-12,2026-03,VEH017,DRV013,CUS022,Hyderabad,Aurangabad,512.4,Delivered,27403.0,23985.3,3417.7,12.47,46.81
TRP00339,2025-03-17,2025-03,VEH016,DRV030,CUS039,Ahmedabad,Jaipur,654.1,Delivered,24805.0,33337.11,-8532.11,-34.4,50.97
TRP00340,2026-07-22,2026-07,VEH020,DRV002,CUS050,Nashik,Pune,211.1,Delivered,17204.0,12192.39,5011.61,29.13,57.76
TRP00341,2025-05-06,2025-05,VEH008,DRV020,CUS011,Mumbai,Surat,291.4,Cancelled,1050.0,0,1050.0,100.0,0.0
TRP00342,2025-11-25,2025-11,VEH019,DRV007,CUS034,Pune,Mumbai,146.3,Delivered,10454.0,9514.08,939.92,8.99,65.03
TRP00343,2026-03-30,2026-03,VEH008,DRV020,CUS013,Bengaluru,Indore,1219.2,Delivered,70587.0,44425.03,26161.97,37.06,36.44
TRP00344,2026-05-06,2026-05,VEH004,DRV026,CUS033,Nagpur,Pune,724.5,Delivered,53616.0,26124.559999999998,27491.44,51.27,36.06
TRP00345,2026-03-05,2026-03,VEH015,DRV022,CUS030,Ahmedabad,Nashik,463.9,Delivered,35518.0,19287.46,16230.54,45.7,41.58
TRP00346,2025-11-28,2025-11,VEH011,DRV014,CUS023,Chennai,Hyderabad,641.3,Delivered,22667.0,20965.75,1701.25,7.51,32.69
TRP00347,2025-08-20,2025-08,VEH016,DRV011,CUS023,Surat,Pune,431.3,Cancelled,2045.0,601.75,1443.25,70.57,1.4
TRP00348,2025-06-09,2025-06,VEH007,DRV008,CUS013,Hyderabad,Pune,559.2,Delayed,29087.0,23184.35,5902.65,20.29,41.46
TRP00349,2025-11-15,2025-11,VEH001,DRV025,CUS035,Surat,Mumbai,284.9,Delivered,10605.0,16000.01,-5395.01,-50.87,56.16
TRP00350,2026-03-17,2026-03,VEH005,DRV002,CUS034,Ahmedabad,Jaipur,668.8,Delivered,49690.0,24342.050000000003,25347.95,51.01,36.4
TRP00351,2026-01-06,2026-01,VEH017,DRV015,CUS021,Mumbai,Pune,148.0,Delivered,6538.0,14684.6,-8146.6,-124.6,99.22
TRP00352,2026-02-23,2026-02,VEH009,DRV016,CUS040,Nagpur,Hyderabad,505.0,Delivered,32484.0,16726.31,15757.69,48.51,33.12
TRP00353,2026-07-31,2026-07,VEH005,DRV019,CUS044,Bengaluru,Pune,863.2,In Transit,63518.0,34394.69,29123.31,45.85,39.85
TRP00354,2026-07-31,2026-07,VEH005,DRV016,CUS001,Pune,Nashik,206.0,In Transit,15769.0,24828.3,-9059.3,-57.45,120.53
TRP00355,2025-10-25,2025-10,VEH009,DRV018,CUS037,Mumbai,Ahmedabad,543.4,Delivered,36870.0,21606.23,15263.77,41.4,39.76
TRP00356,2025-06-11,2025-06,VEH012,DRV012,CUS036,Hyderabad,Aurangabad,495.3,Delivered,24823.0,22620.88,2202.12,8.87,45.67
TRP00357,2026-05-10,2026-05,VEH018,DRV006,CUS050,Nashik,Aurangabad,215.0,Delivered,12476.0,10050.61,2425.39,19.44,46.75
TRP00358,2025-04-21,2025-04,VEH005,DRV028,CUS011,Nagpur,Hyderabad,509.5,Delivered,37428.0,21423.26,16004.74,42.76,42.05
TRP00359,2026-07-28,2026-07,VEH010,DRV023,CUS018,Surat,Indore,402.2,In Transit,32076.0,19662.010000000002,12413.99,38.7,48.89
TRP00360,2025-04-29,2025-04,VEH006,DRV006,CUS002,Hyderabad,Mumbai,726.3,Cancelled,3463.0,608.02,2854.98,82.44,0.84
TRP00361,2025-05-24,2025-05,VEH016,DRV018,CUS004,Nashik,Mumbai,167.0,Cancelled,787.0,0,787.0,100.0,0.0
TRP00362,2025-07-31,2025-07,VEH010,DRV008,CUS016,Nashik,Aurangabad,205.8,Delivered,17066.0,14096.710000000001,2969.29,17.4,68.5
TRP00363,2025-08-07,2025-08,VEH016,DRV015,CUS035,Indore,Pune,578.7,Cancelled,2900.0,310.47,2589.53,89.29,0.54
TRP00364,2025-05-09,2025-05,VEH014,DRV017,CUS041,Delhi,Jaipur,279.4,Delivered,18516.0,11636.03,6879.97,37.16,41.65
TRP00365,2026-06-25,2026-06,VEH001,DRV001,CUS034,Mumbai,Hyderabad,715.4,Delivered,26202.0,24402.33,1799.67,6.87,34.11
TRP00366,2026-07-29,2026-07,VEH010,DRV020,CUS015,Pune,Mumbai,147.8,In Transit,11518.0,20368.01,-8850.01,-76.84,137.81
TRP00367,2025-11-12,2025-11,VEH013,DRV027,CUS025,Pune,Bengaluru,843.2,Delivered,51475.0,45240.74,6234.26,12.11,53.65
TRP00368,2026-06-25,2026-06,VEH006,DRV005,CUS019,Bengaluru,Mumbai,1004.1,Delivered,36949.0,38090.14,-1141.14,-3.09,37.93
TRP00369,2025-10-03,2025-10,VEH001,DRV006,CUS007,Nashik,Aurangabad,215.7,Delayed,7700.0,11798.44,-4098.44,-53.23,54.7
TRP00370,2025-07-06,2025-07,VEH010,DRV026,CUS032,Nagpur,Aurangabad,516.7,Delivered,38081.0,20605.21,17475.79,45.89,39.88
TRP00371,2025-10-19,2025-10,VEH007,DRV029,CUS017,Ahmedabad,Surat,259.6,Delayed,12812.0,14456.65,-1644.65,-12.84,55.69
TRP00372,2025-12-23,2025-12,VEH007,DRV015,CUS048,Aurangabad,Mumbai,351.3,Delivered,16153.0,17777.95,-1624.95,-10.06,50.61
TRP00373,2025-04-01,2025-04,VEH018,DRV017,CUS008,Pune,Nagpur,695.7,Delivered,41412.0,29059.97,12352.03,29.83,41.77
TRP00374,2025-10-13,2025-10,VEH014,DRV011,CUS001,Jaipur,Mumbai,1174.4,Delivered,86722.0,44390.57,42331.43,48.81,37.8
TRP00375,2026-01-19,2026-01,VEH020,DRV005,CUS024,Mumbai,Nagpur,838.3,Delayed,58694.0,37420.590000000004,21273.41,36.24,44.64
TRP00376,2026-01-28,2026-01,VEH005,DRV023,CUS035,Mumbai,Aurangabad,331.2,Cancelled,2564.0,700.73,1863.27,72.67,2.12
TRP00377,2025-12-05,2025-12,VEH012,DRV024,CUS009,Nagpur,Pune,706.2,Delivered,30809.0,42589.61,-11780.61,-38.24,60.31
TRP00378,2025-07-21,2025-07,VEH012,DRV011,CUS047,Indore,Bengaluru,1243.8,Cancelled,2165.0,695.8,1469.2,67.86,0.56
TRP00379,2026-02-14,2026-02,VEH012,DRV015,CUS001,Bengaluru,Chennai,339.8,Delivered,14901.0,17062.33,-2161.33,-14.5,50.21
TRP00380,2025-11-23,2025-11,VEH018,DRV027,CUS025,Aurangabad,Pune,237.3,Delivered,12699.0,16382.97,-3683.97,-29.01,69.04
TRP00381,2025-05-19,2025-05,VEH003,DRV002,CUS009,Nashik,Pune,207.1,Delivered,12488.0,12319.55,168.45,1.35,59.49
TRP00382,2025-09-08,2025-09,VEH019,DRV009,CUS004,Nagpur,Aurangabad,513.7,Delivered,36560.0,25199.98,11360.02,31.07,49.06
TRP00383,2025-11-06,2025-11,VEH012,DRV018,CUS048,Indore,Ahmedabad,418.6,Delivered,20128.0,18720.74,1407.26,6.99,44.72
TRP00384,2025-10-19,2025-10,VEH007,DRV017,CUS007,Aurangabad,Mumbai,339.2,Delivered,16652.0,25827.55,-9175.55,-55.1,76.14
TRP00385,2025-05-24,2025-05,VEH004,DRV025,CUS041,Aurangabad,Indore,463.1,Delayed,31858.0,26396.489999999998,5461.51,17.14,57.0
TRP00386,2026-01-05,2026-01,VEH006,DRV018,CUS039,Delhi,Ahmedabad,990.1,Delivered,37753.0,32524.25,5228.75,13.85,32.85
TRP00387,2025-10-25,2025-10,VEH011,DRV020,CUS016,Indore,Aurangabad,460.0,Delivered,16166.0,17169.16,-1003.16,-6.21,37.32
TRP00388,2025-12-11,2025-12,VEH002,DRV010,CUS039,Nashik,Mumbai,173.2,Delivered,8204.0,13321.109999999999,-5117.11,-62.37,76.91
TRP00389,2025-03-17,2025-03,VEH009,DRV030,CUS036,Chennai,Bengaluru,360.2,Delivered,23236.0,16222.29,7013.71,30.18,45.04
TRP00390,2025-09-17,2025-09,VEH019,DRV008,CUS015,Nagpur,Pune,684.1,Delivered,47977.0,26624.96,21352.04,44.5,38.92
TRP00391,2025-04-05,2025-04,VEH019,DRV027,CUS007,Nashik,Indore,413.9,Delivered,29585.0,28429.55,1155.45,3.91,68.69
TRP00392,2026-03-05,2026-03,VEH014,DRV030,CUS008,Bengaluru,Pune,871.9,Cancelled,5118.0,378.49,4739.51,92.6,0.43
TRP00393,2026-05-09,2026-05,VEH011,DRV017,CUS045,Pune,Bengaluru,860.1,Cancelled,1913.0,0,1913.0,100.0,0.0
TRP00394,2026-03-22,2026-03,VEH013,DRV005,CUS009,Nagpur,Hyderabad,507.9,Delivered,31144.0,20544.4,10599.6,34.03,40.45
TRP00395,2025-08-26,2025-08,VEH005,DRV025,CUS009,Hyderabad,Indore,706.3,Delayed,54102.0,39380.31,14721.69,27.21,55.76
TRP00396,2026-04-06,2026-04,VEH009,DRV025,CUS028,Surat,Nashik,274.3,Delivered,17803.0,18066.8,-263.8,-1.48,65.87
TRP00397,2026-05-05,2026-05,VEH001,DRV025,CUS020,Jaipur,Mumbai,1177.3,Cancelled,1585.0,321.09,1263.91,79.74,0.27
TRP00398,2025-07-08,2025-07,VEH012,DRV005,CUS049,Mumbai,Nagpur,808.7,Cancelled,3997.0,0,3997.0,100.0,0.0
TRP00399,2025-09-03,2025-09,VEH004,DRV010,CUS029,Indore,Hyderabad,690.7,Delivered,48329.0,26800.920000000002,21528.08,44.54,38.8
TRP00400,2025-10-26,2025-10,VEH005,DRV023,CUS045,Mumbai,Nashik,172.0,Delivered,13289.0,10358.85,2930.15,22.05,60.23
TRP00401,2026-02-10,2026-02,VEH009,DRV002,CUS030,Mumbai,Pune,153.4,Delayed,10958.0,11169.82,-211.82,-1.93,72.81
TRP00402,2025-05-08,2025-05,VEH013,DRV008,CUS025,Chennai,Bengaluru,337.4,Delivered,20720.0,21656.010000000002,-936.01,-4.52,64.18
TRP00403,2026-01-28,2026-01,VEH002,DRV008,CUS034,Nashik,Indore,400.6,Delivered,18861.0,15154.800000000001,3706.2,19.65,37.83
TRP00404,2026-07-23,2026-07,VEH017,DRV009,CUS004,Nagpur,Pune,728.9,In Transit,36595.0,29976.22,6618.78,18.09,41.13
TRP00405,2025-09-27,2025-09,VEH011,DRV029,CUS026,Mumbai,Hyderabad,710.4,Cancelled,1202.0,431.36,770.64,64.11,0.61
TRP00406,2025-09-02,2025-09,VEH020,DRV011,CUS029,Delhi,Jaipur,286.2,Delivered,24254.0,28828.3,-4574.3,-18.86,100.73
TRP00407,2025-04-17,2025-04,VEH005,DRV014,CUS050,Delhi,Mumbai,1421.3,Delivered,111701.0,51168.93,60532.07,54.19,36.0
TRP00408,2026-05-06,2026-05,VEH005,DRV024,CUS002,Surat,Nashik,270.8,Delivered,19233.0,14898.32,4334.68,22.54,55.02
TRP00409,2025-10-01,2025-10,VEH005,DRV006,CUS002,Indore,Pune,601.2,Delivered,45945.0,21601.309999999998,24343.69,52.98,35.93
TRP00410,2026-07-30,2026-07,VEH005,DRV017,CUS039,Hyderabad,Indore,699.9,In Transit,50113.0,25544.15,24568.85,49.03,36.5
TRP00411,2025-09-02,2025-09,VEH014,DRV025,CUS001,Indore,Pune,582.8,Delayed,41603.0,23993.940000000002,17609.06,42.33,41.17
TRP00412,2026-07-29,2026-07,VEH015,DRV028,CUS040,Hyderabad,Bengaluru,592.4,In Transit,43571.0,25999.89,17571.11,40.33,43.89
TRP00413,2025-03-18,2025-03,VEH013,DRV024,CUS021,Indore,Surat,411.8,Delivered,25420.0,25243.86,176.14,0.69,61.3
TRP00414,2025-03-29,2025-03,VEH008,DRV017,CUS035,Indore,Surat,389.3,Delivered,22010.0,18412.36,3597.64,16.35,47.3
TRP00415,2025-07-02,2025-07,VEH010,DRV015,CUS011,Ahmedabad,Jaipur,688.7,Delayed,56439.0,25350.78,31088.22,55.08,36.81
TRP00416,2026-04-06,2026-04,VEH004,DRV006,CUS050,Ahmedabad,Nashik,471.8,Delivered,30790.0,23525.32,7264.68,23.59,49.86
TRP00417,2026-07-25,2026-07,VEH007,DRV029,CUS030,Mumbai,Nagpur,851.0,In Transit,36105.0,36314.55,-209.55,-0.58,42.67
TRP00418,2026-07-31,2026-07,VEH015,DRV021,CUS024,Nagpur,Mumbai,830.6,In Transit,60832.0,48135.12,12696.88,20.87,57.95
TRP00419,2025-07-05,2025-07,VEH002,DRV025,CUS011,Hyderabad,Nagpur,511.4,Delivered,23479.0,22625.149999999998,853.85,3.64,44.24
TRP00420,2025-10-24,2025-10,VEH015,DRV010,CUS041,Pune,Nashik,205.9,Delivered,17020.0,15690.02,1329.98,7.81,76.2
TRP00421,2026-05-05,2026-05,VEH001,DRV020,CUS032,Pune,Hyderabad,572.7,Delivered,20119.0,21104.45,-985.45,-4.9,36.85
TRP00422,2025-03-16,2025-03,VEH020,DRV021,CUS036,Pune,Surat,427.1,Delayed,35760.0,31514.29,4245.71,11.87,73.79
TRP00423,2025-11-25,2025-11,VEH010,DRV011,CUS006,Mumbai,Ahmedabad,556.2,Delivered,49919.0,25835.77,24083.23,48.24,46.45
TRP00424,2026-07-24,2026-07,VEH012,DRV030,CUS003,Nagpur,Mumbai,826.5,In Transit,39720.0,31142.23,8577.77,21.6,37.68
TRP00425,2025-09-09,2025-09,VEH016,DRV005,CUS008,Pune,Indore,591.8,Delivered,23761.0,25768.079999999998,-2007.08,-8.45,43.54
TRP00426,2026-02-04,2026-02,VEH017,DRV003,CUS031,Nashik,Aurangabad,217.9,Delivered,10799.0,22316.12,-11517.12,-106.65,102.41
TRP00427,2025-03-03,2025-03,VEH016,DRV026,CUS012,Bengaluru,Pune,880.6,Delivered,32567.0,37777.36,-5210.36,-16.0,42.9
TRP00428,2025-02-18,2025-02,VEH020,DRV014,CUS027,Mumbai,Surat,289.2,Delayed,22473.0,20564.73,1908.27,8.49,71.11
TRP00429,2026-01-22,2026-01,VEH010,DRV010,CUS033,Aurangabad,Hyderabad,485.2,Delayed,36896.0,25335.57,11560.43,31.33,52.22
TRP00430,2025-03-15,2025-03,VEH006,DRV007,CUS022,Hyderabad,Nagpur,504.2,Delivered,17271.0,25473.58,-8202.58,-47.49,50.52
TRP00431,2025-12-10,2025-12,VEH018,DRV029,CUS022,Bengaluru,Indore,1203.7,Delayed,67003.0,41878.06,25124.94,37.5,34.79
TRP00432,2025-07-09,2025-07,VEH007,DRV019,CUS044,Hyderabad,Nagpur,520.5,Delivered,23918.0,18194.239999999998,5723.76,23.93,34.96
TRP00433,2025-12-19,2025-12,VEH018,DRV027,CUS011,Indore,Aurangabad,453.1,Delivered,25969.0,26596.379999999997,-627.38,-2.42,58.7
TRP00434,2025-12-13,2025-12,VEH003,DRV016,CUS016,Nagpur,Aurangabad,523.0,Delivered,33398.0,21948.079999999998,11449.92,34.28,41.97
TRP00435,2026-01-21,2026-01,VEH003,DRV015,CUS033,Nashik,Mumbai,172.0,Delivered,9988.0,10968.779999999999,-980.78,-9.82,63.77
TRP00436,2025-06-05,2025-06,VEH004,DRV027,CUS034,Mumbai,Hyderabad,690.8,Delivered,49267.0,28943.09,20323.91,41.25,41.9
TRP00437,2025-03-02,2025-03,VEH003,DRV011,CUS030,Mumbai,Surat,293.9,Delayed,16851.0,23894.93,-7043.93,-41.8,81.3
TRP00438,2025-11-13,2025-11,VEH007,DRV007,CUS019,Indore,Pune,608.8,Delayed,29161.0,28305.73,855.27,2.93,46.49
TRP00439,2025-11-24,2025-11,VEH018,DRV017,CUS007,Surat,Pune,441.1,Delivered,23740.0,19064.260000000002,4675.74,19.7,43.22
TRP00440,2025-05-26,2025-05,VEH011,DRV018,CUS029,Mumbai,Ahmedabad,534.1,Delayed,18091.0,22330.04,-4239.04,-23.43,41.81
TRP00441,2026-07-31,2026-07,VEH020,DRV029,CUS038,Delhi,Ahmedabad,945.2,In Transit,81742.0,34701.54,47040.46,57.55,36.71
TRP00442,2026-05-29,2026-05,VEH019,DRV005,CUS006,Indore,Bengaluru,1193.8,Delayed,83166.0,41449.39,41716.61,50.16,34.72
TRP00443,2026-01-05,2026-01,VEH009,DRV030,CUS024,Surat,Indore,417.4,Delivered,25559.0,25348.4,210.6,0.82,60.73
TRP00444,2025-05-23,2025-05,VEH016,DRV015,CUS011,Aurangabad,Nashik,213.9,Delivered,7839.0,22770.7,-14931.7,-190.48,106.45
TRP00445,2025-07-19,2025-07,VEH010,DRV018,CUS030,Indore,Surat,395.6,Delivered,28005.0,32266.09,-4261.09,-15.22,81.56
TRP00446,2025-04-27,2025-04,VEH019,DRV014,CUS028,Indore,Aurangabad,466.2,Delivered,30965.0,22888.77,8076.23,26.08,49.1
TRP00447,2025-05-29,2025-05,VEH011,DRV018,CUS007,Ahmedabad,Delhi,994.1,Delivered,35423.0,33488.2,1934.8,5.46,33.69
TRP00448,2025-02-07,2025-02,VEH002,DRV003,CUS014,Hyderabad,Mumbai,740.0,Delayed,33402.0,28252.01,5149.99,15.42,38.18
TRP00449,2025-12-15,2025-12,VEH013,DRV020,CUS037,Ahmedabad,Delhi,973.3,Delivered,63153.0,35823.78,27329.22,43.27,36.81
TRP00450,2026-02-20,2026-02,VEH003,DRV019,CUS001,Bengaluru,Chennai,338.2,Delivered,18215.0,23771.26,-5556.26,-30.5,70.29
TRP00451,2025-12-29,2025-12,VEH012,DRV004,CUS019,Mumbai,Nashik,169.3,Delivered,8072.0,21213.53,-13141.53,-162.8,125.3
TRP00452,2026-04-10,2026-04,VEH006,DRV016,CUS009,Aurangabad,Pune,243.8,Delivered,7841.0,10699.28,-2858.28,-36.45,43.89
TRP00453,2025-06-27,2025-06,VEH001,DRV005,CUS047,Hyderabad,Bengaluru,597.4,Delivered,24630.0,26602.620000000003,-1972.62,-8.01,44.53
TRP00454,2026-07-29,2026-07,VEH020,DRV030,CUS028,Pune,Nashik,210.8,In Transit,15675.0,15201.87,473.13,3.02,72.12
TRP00455,2026-02-17,2026-02,VEH019,DRV016,CUS047,Hyderabad,Pune,555.3,Cancelled,1978.0,0,1978.0,100.0,0.0
TRP00456,2025-11-20,2025-11,VEH019,DRV016,CUS045,Mumbai,Nagpur,853.7,Cancelled,779.0,0,779.0,100.0,0.0
TRP00457,2025-04-02,2025-04,VEH016,DRV021,CUS048,Indore,Mumbai,592.7,Delivered,21869.0,31618.22,-9749.22,-44.58,53.35
TRP00458,2026-07-27,2026-07,VEH016,DRV019,CUS047,Nagpur,Hyderabad,523.4,In Transit,20360.0,28354.91,-7994.91,-39.27,54.17
TRP00459,2025-03-31,2025-03,VEH010,DRV024,CUS037,Pune,Nagpur,705.5,Delivered,60613.0,25245.949999999997,35367.05,58.35,35.78
TRP00460,2025-06-22,2025-06,VEH010,DRV016,CUS006,Hyderabad,Mumbai,737.1,Delivered,58246.0,42752.79,15493.21,26.6,58.0
TRP00461,2025-08-05,2025-08,VEH004,DRV020,CUS012,Ahmedabad,Nashik,470.5,Delivered,33389.0,18633.95,14755.05,44.19,39.6
TRP00462,2026-07-29,2026-07,VEH002,DRV011,CUS006,Delhi,Mumbai,1450.0,In Transit,65664.0,50968.82,14695.18,22.38,35.15
TRP00463,2026-07-23,2026-07,VEH006,DRV007,CUS037,Nagpur,Indore,431.2,In Transit,15105.0,20351.2,-5246.2,-34.73,47.2
TRP00464,2026-07-23,2026-07,VEH018,DRV008,CUS025,Surat,Ahmedabad,260.1,In Transit,15379.0,17337.55,-1958.55,-12.74,66.66
TRP00465,2026-04-25,2026-04,VEH011,DRV017,CUS044,Mumbai,Surat,288.6,Delivered,9741.0,24933.07,-15192.07,-155.96,86.39
TRP00466,2025-08-25,2025-08,VEH004,DRV009,CUS042,Nashik,Ahmedabad,474.7,Delayed,31847.0,22796.84,9050.16,28.42,48.02
TRP00467,2025-05-24,2025-05,VEH018,DRV001,CUS044,Pune,Mumbai,145.6,Delivered,7672.0,10788.75,-3116.75,-40.63,74.1
TRP00468,2026-07-26,2026-07,VEH007,DRV002,CUS002,Mumbai,Nagpur,844.6,In Transit,42958.0,37000.57,5957.43,13.87,43.81
TRP00469,2025-08-15,2025-08,VEH004,DRV003,CUS039,Mumbai,Hyderabad,732.1,Delayed,45782.0,37221.68,8560.32,18.7,50.84
TRP00470,2026-01-04,2026-01,VEH003,DRV021,CUS030,Indore,Pune,605.0,Delayed,31824.0,38751.38,-6927.38,-21.77,64.05
TRP00471,2026-06-25,2026-06,VEH013,DRV011,CUS004,Nagpur,Pune,693.8,Delivered,39714.0,27760.670000000002,11953.33,30.1,40.01
TRP00472,2026-05-05,2026-05,VEH016,DRV004,CUS010,Jaipur,Delhi,276.5,Delayed,8786.0,23670.2,-14884.2,-169.41,85.61
TRP00473,2025-03-17,2025-03,VEH009,DRV025,CUS029,Nashik,Mumbai,162.0,Delayed,10417.0,16391.77,-5974.77,-57.36,101.18
TRP00474,2026-03-27,2026-03,VEH013,DRV019,CUS001,Chennai,Bengaluru,355.9,Delivered,19587.0,18543.17,1043.83,5.33,52.1
TRP00475,2026-03-24,2026-03,VEH016,DRV004,CUS037,Jaipur,Delhi,279.6,Delayed,9634.0,13396.11,-3762.11,-39.05,47.91
TRP00476,2026-03-07,2026-03,VEH011,DRV003,CUS030,Aurangabad,Nashik,206.7,Delivered,8159.0,9749.44,-1590.44,-19.49,47.17
TRP00477,2025-10-09,2025-10,VEH012,DRV016,CUS006,Delhi,Ahmedabad,932.1,Delivered,48432.0,34159.840000000004,14272.16,29.47,36.65
TRP00478,2026-07-23,2026-07,VEH016,DRV018,CUS029,Mumbai,Nashik,160.8,In Transit,5771.0,13980.37,-8209.37,-142.25,86.94
TRP00479,2025-03-16,2025-03,VEH017,DRV015,CUS044,Delhi,Jaipur,284.6,Cancelled,1741.0,394.0,1347.0,77.37,1.38
TRP00480,2026-07-24,2026-07,VEH020,DRV002,CUS016,Mumbai,Hyderabad,724.6,In Transit,53624.0,33927.93,19696.07,36.73,46.82
TRP00481,2026-03-25,2026-03,VEH004,DRV004,CUS032,Pune,Bengaluru,828.4,Delivered,58461.0,30741.02,27719.98,47.42,37.11
TRP00482,2026-04-08,2026-04,VEH007,DRV025,CUS003,Nashik,Ahmedabad,448.5,Delivered,21618.0,19019.3,2598.7,12.02,42.41
TRP00483,2025-07-18,2025-07,VEH019,DRV002,CUS009,Aurangabad,Mumbai,341.9,Delivered,20651.0,30184.09,-9533.09,-46.16,88.28
TRP00484,2026-07-30,2026-07,VEH003,DRV023,CUS042,Ahmedabad,Nashik,461.5,In Transit,26127.0,24762.399999999998,1364.6,5.22,53.66
TRP00485,2025-08-10,2025-08,VEH017,DRV015,CUS027,Hyderabad,Pune,570.6,Delivered,29438.0,32771.64,-3333.64,-11.32,57.43
TRP00486,2025-05-15,2025-05,VEH012,DRV014,CUS001,Aurangabad,Hyderabad,489.7,Delivered,23978.0,23136.0,842.0,3.51,47.25
TRP00487,2026-07-30,2026-07,VEH007,DRV009,CUS004,Pune,Aurangabad,230.8,In Transit,11096.0,13876.25,-2780.25,-25.06,60.12
TRP00488,2026-05-17,2026-05,VEH002,DRV021,CUS024,Nashik,Aurangabad,207.9,Delivered,10202.0,9378.5,823.5,8.07,45.11
TRP00489,2026-01-06,2026-01,VEH001,DRV016,CUS033,Mumbai,Bengaluru,974.0,Delivered,31954.0,41984.590000000004,-10030.59,-31.39,43.11
TRP00490,2026-06-04,2026-06,VEH008,DRV004,CUS016,Indore,Ahmedabad,405.0,Delivered,24295.0,21674.55,2620.45,10.79,53.52
TRP00491,2026-02-09,2026-02,VEH020,DRV015,CUS012,Surat,Ahmedabad,266.8,Delivered,18709.0,15505.22,3203.78,17.12,58.12
TRP00492,2026-01-24,2026-01,VEH019,DRV002,CUS018,Mumbai,Hyderabad,715.1,Delivered,53208.0,29285.07,23922.93,44.96,40.95
TRP00493,2026-06-22,2026-06,VEH020,DRV029,CUS011,Indore,Aurangabad,477.7,Delivered,39477.0,19892.86,19584.14,49.61,41.64
TRP00494,2025-09-22,2025-09,VEH009,DRV001,CUS047,Jaipur,Ahmedabad,653.2,Delivered,51921.0,23694.29,28226.71,54.36,36.27
TRP00495,2026-03-17,2026-03,VEH014,DRV002,CUS003,Hyderabad,Indore,707.2,Delivered,47812.0,23117.92,24694.08,51.65,32.69
TRP00496,2025-05-10,2025-05,VEH018,DRV025,CUS001,Indore,Ahmedabad,397.1,Delivered,21254.0,14509.17,6744.83,31.73,36.54
TRP00497,2026-03-29,2026-03,VEH019,DRV024,CUS038,Nashik,Mumbai,166.2,Delivered,12265.0,12141.57,123.43,1.01,73.05
TRP00498,2025-12-07,2025-12,VEH001,DRV028,CUS041,Mumbai,Indore,599.8,Delivered,23110.0,29443.5,-6333.5,-27.41,49.09
TRP00499,2026-07-19,2026-07,VEH019,DRV026,CUS014,Nagpur,Mumbai,827.4,Cancelled,1051.0,0,1051.0,100.0,0.0
TRP00500,2025-04-16,2025-04,VEH012,DRV015,CUS040,Mumbai,Surat,280.4,Delivered,12390.0,13319.029999999999,-929.03,-7.5,47.5
